mesh name,category,0,1
m534.ply,liquid_container,-2.672319,30.274529
m535.ply,liquid_container,23.910612,25.137177
m521.ply,liquid_container,-23.20586,21.232033
m537.ply,liquid_container,-32.044323,14.976899
m523.ply,liquid_container,-30.5956,5.464538
m522.ply,liquid_container,-39.045547,20.274223
m536.ply,liquid_container,-34.66402,14.914432
m532.ply,liquid_container,-31.285791,4.637389
m526.ply,liquid_container,-29.691998,13.688571
m527.ply,liquid_container,-25.65537,18.11539
m533.ply,liquid_container,-30.5618,31.286161
m525.ply,liquid_container,-42.531513,24.82072
m531.ply,liquid_container,12.217866,12.489016
m530.ply,liquid_container,-40.101845,9.603569
m524.ply,liquid_container,-6.609564,34.038525
m543.ply,liquid_container,-28.401684,35.723885
m542.ply,liquid_container,5.0752935,40.670254
m540.ply,liquid_container,1.6608362,44.83745
m541.ply,liquid_container,-5.3878736,34.968777
m545.ply,liquid_container,1.8017176,10.7316
m544.ply,liquid_container,-4.008304,32.024746
m546.ply,liquid_container,-2.6594546,33.553272
m547.ply,liquid_container,-6.0941334,30.545675
m529.ply,liquid_container,-9.02791,35.9433
m528.ply,liquid_container,6.4442034,6.2069416
m538.ply,liquid_container,0.040575966,26.967476
m539.ply,liquid_container,-23.772253,23.345842
m621.ply,lamp,-12.051133,-44.409218
m609.ply,lamp,4.9090133,-36.08663
m608.ply,lamp,15.72454,30.92976
m620.ply,lamp,-7.779584,-48.574345
m622.ply,lamp,-16.892168,-55.26829
m623.ply,lamp,-9.370612,-28.839077
m618.ply,lamp,-14.220786,-47.675686
m624.ply,lamp,5.430699,-39.85783
m619.ply,lamp,-4.381738,-32.159763
m614.ply,lamp,23.009495,31.737865
m615.ply,lamp,16.051575,-29.184408
m603.ply,lamp,19.061552,26.917751
m617.ply,lamp,18.968998,-19.253979
m616.ply,lamp,15.885762,-3.024977
m606.ply,lamp,2.210204,-5.5445867
m612.ply,lamp,10.846649,41.69909
m613.ply,lamp,4.317548,-39.34321
m607.ply,lamp,-16.65213,-38.655247
m611.ply,lamp,40.837814,-6.6700034
m605.ply,lamp,26.02095,12.61267
m604.ply,lamp,25.99537,-17.318476
m610.ply,lamp,8.678873,2.7661288
m1800.ply,fireplace,8.525844,46.63369
m1801.ply,fireplace,-9.148232,28.01868
m1802.ply,fireplace,15.058238,25.79771
m1797.ply,fireplace,6.5111394,53.515217
m1799.ply,fireplace,13.725196,38.303406
m1798.ply,fireplace,4.7369685,53.845516
m755.ply,ice_cream,-32.712826,2.7242277
m754.ply,ice_cream,-33.007545,7.8949337
m756.ply,ice_cream,-24.112085,0.37604007
m757.ply,ice_cream,-27.52768,8.382684
m753.ply,ice_cream,-18.59989,11.297418
m752.ply,ice_cream,-41.816685,19.80004
m750.ply,ice_cream,17.885576,29.264599
m751.ply,ice_cream,-34.65073,19.413725
m760.ply,ice_cream,-26.54936,14.450515
m761.ply,ice_cream,-30.320879,11.907471
m759.ply,ice_cream,-39.188423,10.448771
m758.ply,ice_cream,7.2426834,14.60852
m1650.ply,city,12.728246,32.213223
m1651.ply,city,14.558859,34.479183
m1653.ply,city,-13.324026,-53.545593
m1647.ply,city,22.59392,25.818897
m1646.ply,city,7.610955,26.189556
m1652.ply,city,-12.991597,-32.02497
m1656.ply,city,-10.296304,-52.482502
m1657.ply,city,46.52165,-3.5677588
m1655.ply,city,-17.690186,27.1205
m1654.ply,city,4.1896167,-14.724822
m1659.ply,city,6.982898,25.787172
m1665.ply,city,44.875507,-4.087514
m1664.ply,city,0.22635908,12.798488
m1658.ply,city,19.22927,40.191536
m1663.ply,city,14.6109495,34.721592
m1662.ply,city,58.827255,-0.12911895
m1660.ply,city,59.890266,-1.7183137
m1648.ply,city,12.709705,32.599545
m1649.ply,city,12.589851,32.13193
m1661.ply,city,-13.068535,-53.451756
m1755.ply,snowman,-20.397976,30.391054
m1754.ply,snowman,-24.956596,16.05652
m1756.ply,snowman,-28.177773,5.8513675
m1757.ply,snowman,-15.543106,16.093147
m1759.ply,snowman,-7.2835617,20.720362
m1758.ply,snowman,-30.043182,11.223945
m594.ply,hourglass,-42.54671,29.246698
m595.ply,hourglass,-3.0287745,44.010643
m597.ply,hourglass,4.0010357,51.67836
m596.ply,hourglass,6.152071,47.85201
m592.ply,hourglass,-19.82673,32.822247
m593.ply,hourglass,6.649422,37.29318
m1760.ply,phone_handle,-29.744707,-9.623048
m1761.ply,phone_handle,-39.173008,9.346339
m1763.ply,phone_handle,2.175059,-31.094532
m1762.ply,phone_handle,-29.538565,-10.249899
m1308.ply,aircraft,22.88602,-21.92186
m1320.ply,aircraft,28.210693,-24.879541
m1334.ply,aircraft,39.093998,-8.159099
m1122.ply,aircraft,12.347422,-3.320298
m1136.ply,aircraft,22.580093,-31.06282
m1268.ply,aircraft,17.082857,-40.13747
m1254.ply,aircraft,4.481737,-10.726733
m1240.ply,aircraft,18.768677,-27.778925
m1297.ply,aircraft,-11.791292,-39.744312
m1283.ply,aircraft,6.9157844,-41.223896
m1282.ply,aircraft,6.768223,-40.45304
m1296.ply,aircraft,-15.320472,-42.812824
m1241.ply,aircraft,6.573443,-11.493702
m1255.ply,aircraft,6.4459124,-12.648176
m1269.ply,aircraft,-10.906483,-47.57869
m1137.ply,aircraft,18.925407,-33.573048
m1123.ply,aircraft,13.41669,-4.347932
m1335.ply,aircraft,40.8479,-7.818644
m1321.ply,aircraft,22.943905,-32.21864
m1309.ply,aircraft,29.341516,-24.162369
m1337.ply,aircraft,-26.935764,18.789595
m1323.ply,aircraft,29.35917,-24.903688
m1135.ply,aircraft,39.595856,-10.766806
m1121.ply,aircraft,18.552528,-14.884737
m1243.ply,aircraft,11.275203,-31.055445
m1257.ply,aircraft,14.356437,-40.63823
m1280.ply,aircraft,19.15452,-40.30961
m1294.ply,aircraft,-12.826251,-39.71319
m1295.ply,aircraft,-21.660646,-65.1675
m1281.ply,aircraft,8.3753395,-40.467434
m1256.ply,aircraft,14.342979,-40.63529
m1242.ply,aircraft,10.151185,-24.054325
m1120.ply,aircraft,45.96236,-4.3538976
m1134.ply,aircraft,40.5172,-10.465797
m1322.ply,aircraft,22.780415,-33.39316
m1336.ply,aircraft,22.440933,-24.240217
m1332.ply,aircraft,22.421057,-27.755308
m1326.ply,aircraft,22.945133,-21.23924
m1130.ply,aircraft,8.506082,1.5875732
m1124.ply,aircraft,14.732056,-23.181166
m1118.ply,aircraft,44.02643,-6.5905356
m1246.ply,aircraft,14.453299,-25.805681
m1252.ply,aircraft,11.29552,-38.652233
m1285.ply,aircraft,18.294456,-41.12875
m1291.ply,aircraft,23.727953,30.281752
m1290.ply,aircraft,7.318665,-40.930866
m1284.ply,aircraft,20.733294,-39.694496
m1253.ply,aircraft,10.637568,-21.72879
m1247.ply,aircraft,14.64554,-24.97276
m1119.ply,aircraft,12.728154,-3.80604
m1125.ply,aircraft,17.395065,-4.7347474
m1131.ply,aircraft,15.558282,-7.8120046
m1327.ply,aircraft,28.20849,-24.852285
m1333.ply,aircraft,38.972992,-8.189222
m1325.ply,aircraft,23.004868,-21.450266
m1331.ply,aircraft,25.694464,15.762754
m1319.ply,aircraft,21.624004,-35.543545
m1127.ply,aircraft,14.325509,-8.129478
m1133.ply,aircraft,17.8853,-13.652975
m1251.ply,aircraft,9.57219,-12.353146
m1245.ply,aircraft,19.298244,-23.620981
m1279.ply,aircraft,18.177778,-39.34127
m1292.ply,aircraft,-2.7149365,-28.133825
m1286.ply,aircraft,7.4355845,-40.23961
m1287.ply,aircraft,17.081118,-39.154602
m1293.ply,aircraft,20.409212,-34.471783
m1278.ply,aircraft,18.762379,-39.8617
m1244.ply,aircraft,0.80433553,-30.120153
m1250.ply,aircraft,12.477806,-19.231802
m1132.ply,aircraft,14.2606,-23.630133
m1126.ply,aircraft,16.00942,-1.8328894
m1318.ply,aircraft,23.314318,-36.271183
m1330.ply,aircraft,25.525597,-34.037785
m1324.ply,aircraft,18.953434,-16.75939
m1343.ply,aircraft,-30.14226,18.987984
m1357.ply,aircraft,8.465333,-19.364603
m1380.ply,aircraft,-0.04949358,10.682763
m1394.ply,aircraft,38.755196,-11.667919
m1169.ply,aircraft,9.571418,-12.327741
m1141.ply,aircraft,17.354427,-15.149081
m1155.ply,aircraft,20.318617,-27.092932
m1182.ply,aircraft,12.337591,-29.543232
m1196.ply,aircraft,10.333263,-22.866898
m1237.ply,aircraft,7.403916,-26.349339
m1223.ply,aircraft,9.234373,-26.011251
m1222.ply,aircraft,19.141823,7.9945726
m1236.ply,aircraft,11.688806,-29.731129
m1197.ply,aircraft,-8.922821,-38.634235
m1183.ply,aircraft,18.550034,8.05546
m1154.ply,aircraft,17.469234,-24.8358
m1140.ply,aircraft,6.642847,4.099704
m1168.ply,aircraft,11.182366,-30.22814
m1395.ply,aircraft,7.288457,-10.387773
m1381.ply,aircraft,44.85506,-1.3555397
m1356.ply,aircraft,-6.148694,10.3624735
m1342.ply,aircraft,-29.03892,12.297398
m1368.ply,aircraft,-14.415838,-32.791447
m1354.ply,aircraft,7.953069,-9.358503
m1340.ply,aircraft,-26.288723,-8.502272
m1397.ply,aircraft,17.098951,-0.15854903
m1383.ply,aircraft,4.9339724,14.977747
m1156.ply,aircraft,7.892601,-27.69841
m1142.ply,aircraft,47.325115,-4.5966535
m1195.ply,aircraft,10.860998,-21.549994
m1181.ply,aircraft,8.805093,-32.898403
m1208.ply,aircraft,17.49058,-22.220942
m1220.ply,aircraft,13.635243,-30.306541
m1234.ply,aircraft,8.248126,-27.297102
m1235.ply,aircraft,7.59128,-33.560993
m1221.ply,aircraft,8.961872,-9.806815
m1209.ply,aircraft,2.4816139,-16.603613
m1180.ply,aircraft,12.086544,-30.644127
m1194.ply,aircraft,9.667089,-23.409698
m1143.ply,aircraft,44.06122,-5.892689
m1157.ply,aircraft,9.770872,-35.871445
m1382.ply,aircraft,-30.333565,14.413734
m1396.ply,aircraft,7.661301,-10.379361
m1341.ply,aircraft,-26.829966,-8.58718
m1355.ply,aircraft,13.865132,-13.450156
m1369.ply,aircraft,13.224153,-15.617765
m1351.ply,aircraft,-41.697323,10.507429
m1345.ply,aircraft,58.174374,1.4050803
m1379.ply,aircraft,-13.1357565,23.158667
m1392.ply,aircraft,5.1118145,38.861618
m1386.ply,aircraft,-15.477384,17.79356
m1153.ply,aircraft,12.976587,-26.310648
m1147.ply,aircraft,18.243969,-24.06702
m1190.ply,aircraft,20.197086,-24.722809
m1184.ply,aircraft,-5.525959,-27.66964
m1225.ply,aircraft,4.037046,-12.892476
m1231.ply,aircraft,9.388275,-30.871382
m1219.ply,aircraft,13.176689,-28.297039
m1218.ply,aircraft,7.4177566,-33.32137
m1230.ply,aircraft,14.668042,-28.799967
m1224.ply,aircraft,5.8134093,-41.63645
m1185.ply,aircraft,-10.355217,-35.985218
m1191.ply,aircraft,7.6466804,-24.554617
m1146.ply,aircraft,15.9276905,-24.742208
m1152.ply,aircraft,16.086266,-8.963144
m1387.ply,aircraft,12.7112465,15.422215
m1393.ply,aircraft,-2.3398733,-0.8470679
m1378.ply,aircraft,-13.253599,24.615515
m1344.ply,aircraft,-27.979044,11.843443
m1350.ply,aircraft,-28.836134,-9.010936
m1346.ply,aircraft,-28.267845,-8.969212
m1352.ply,aircraft,-33.17714,4.7953234
m1408.ply,aircraft,13.287832,-5.0893793
m1385.ply,aircraft,-16.654348,15.9168005
m1391.ply,aircraft,21.931898,-24.892693
m1144.ply,aircraft,17.05898,-15.260407
m1150.ply,aircraft,5.8772683,-36.472404
m1178.ply,aircraft,9.162391,-35.96005
m1187.ply,aircraft,13.000799,-28.846565
m1193.ply,aircraft,8.256473,-36.73781
m1232.ply,aircraft,20.129126,-24.219152
m1226.ply,aircraft,6.7173915,-37.10074
m1227.ply,aircraft,11.741415,-33.476807
m1233.ply,aircraft,1.8846745,-31.873262
m1192.ply,aircraft,8.048196,-26.535887
m1186.ply,aircraft,13.028949,-31.257063
m1179.ply,aircraft,5.7969537,-37.29729
m1151.ply,aircraft,20.320724,-18.419983
m1145.ply,aircraft,45.19198,-5.819022
m1390.ply,aircraft,22.36891,-37.81362
m1384.ply,aircraft,-15.502428,21.666813
m1409.ply,aircraft,3.69744,0.7030042
m1353.ply,aircraft,12.115353,-8.74533
m1347.ply,aircraft,-37.96969,9.912977
m1362.ply,aircraft,-23.041912,-2.0558658
m1404.ply,aircraft,3.3710957,30.479174
m1410.ply,aircraft,3.9013913,1.1408181
m1376.ply,aircraft,-16.196209,-40.800407
m1389.ply,aircraft,10.212927,44.404987
m1148.ply,aircraft,19.208363,-21.495893
m1160.ply,aircraft,19.538986,-34.19696
m1174.ply,aircraft,19.420177,-27.337103
m1216.ply,aircraft,10.432336,-30.368574
m1202.ply,aircraft,9.153363,-29.912212
m1203.ply,aircraft,18.42416,-27.775728
m1217.ply,aircraft,12.785338,-30.363487
m1175.ply,aircraft,14.702306,-27.225576
m1161.ply,aircraft,12.961495,-26.736496
m1149.ply,aircraft,18.316645,-24.84356
m1388.ply,aircraft,8.534616,10.455981
m1377.ply,aircraft,-10.310693,45.356426
m1363.ply,aircraft,14.603611,11.90921
m1405.ply,aircraft,-23.608171,38.55201
m1349.ply,aircraft,-27.603977,-8.700427
m1375.ply,aircraft,-14.143632,22.834656
m1407.ply,aircraft,4.818937,-0.6138169
m1361.ply,aircraft,16.144875,9.9068575
m1177.ply,aircraft,12.824512,-27.432184
m1163.ply,aircraft,15.878385,-24.257887
m1188.ply,aircraft,15.086137,-26.437033
m1229.ply,aircraft,11.047812,-24.3977
m1201.ply,aircraft,8.985543,-10.939806
m1215.ply,aircraft,8.310514,-31.357103
m1214.ply,aircraft,9.022751,-25.878721
m1200.ply,aircraft,-10.817845,-27.314465
m1228.ply,aircraft,16.39487,-30.95615
m1189.ply,aircraft,7.875856,-25.008698
m1162.ply,aircraft,17.992853,-24.870026
m1176.ply,aircraft,9.596911,-26.801432
m1406.ply,aircraft,-26.127241,-13.807372
m1360.ply,aircraft,10.633815,-9.954978
m1374.ply,aircraft,-19.868738,-13.804356
m1348.ply,aircraft,-28.289421,-8.968544
m1370.ply,aircraft,14.026603,-13.622309
m1364.ply,aircraft,14.758569,-12.258186
m1402.ply,aircraft,-22.76178,36.72113
m1358.ply,aircraft,17.039463,-19.857958
m1172.ply,aircraft,3.4310074,-11.617036
m1166.ply,aircraft,13.655672,-29.165752
m1199.ply,aircraft,6.5396037,-36.414886
m1204.ply,aircraft,14.59951,-27.48269
m1210.ply,aircraft,2.557109,-24.107883
m1238.ply,aircraft,12.7334175,-32.358273
m1239.ply,aircraft,6.6624727,-11.362122
m1211.ply,aircraft,17.651762,-21.166143
m1205.ply,aircraft,18.226421,8.74707
m1198.ply,aircraft,4.088247,-37.542793
m1167.ply,aircraft,14.668274,-22.1339
m1173.ply,aircraft,10.675371,-32.2067
m1359.ply,aircraft,7.0008802,-4.984891
m1365.ply,aircraft,6.23628,-10.011925
m1403.ply,aircraft,-23.433245,41.486866
m1371.ply,aircraft,19.937408,2.9743838
m1401.ply,aircraft,-3.0427594,46.612812
m1367.ply,aircraft,0.9793472,-20.19169
m1373.ply,aircraft,14.46478,-12.623369
m1398.ply,aircraft,14.267919,12.199974
m1165.ply,aircraft,11.890377,-28.628735
m1171.ply,aircraft,12.018143,-20.247412
m1159.ply,aircraft,16.100998,-9.004418
m1213.ply,aircraft,7.0495625,-39.28733
m1207.ply,aircraft,13.887683,-40.787106
m1206.ply,aircraft,13.325747,-25.267345
m1212.ply,aircraft,15.749131,-30.056408
m1158.ply,aircraft,18.514767,-16.215132
m1170.ply,aircraft,4.172415,-11.73523
m1164.ply,aircraft,10.657822,-28.607378
m1399.ply,aircraft,13.069709,-7.682388
m1372.ply,aircraft,-6.403526,10.347472
m1400.ply,aircraft,20.048676,2.7104242
m1366.ply,aircraft,17.626944,-19.821493
m1329.ply,aircraft,5.305685,17.25041
m1301.ply,aircraft,3.9873605,-34.12927
m1315.ply,aircraft,22.945581,-35.72493
m1249.ply,aircraft,23.087227,2.164007
m1275.ply,aircraft,20.94176,-28.748802
m1261.ply,aircraft,7.3679647,-14.36641
m1260.ply,aircraft,15.181511,-21.468843
m1274.ply,aircraft,19.61453,-26.052862
m1248.ply,aircraft,23.645508,-9.27779
m1314.ply,aircraft,22.48299,6.2734356
m1300.ply,aircraft,7.0737357,-13.844847
m1328.ply,aircraft,22.892857,-30.58
m1316.ply,aircraft,21.454643,-26.912767
m1302.ply,aircraft,25.991823,-34.486286
m1128.ply,aircraft,14.178265,-5.0790396
m1262.ply,aircraft,11.003967,-32.408504
m1276.ply,aircraft,-6.6333127,-47.879063
m1289.ply,aircraft,13.06931,-20.073267
m1288.ply,aircraft,-13.515165,-18.391663
m1277.ply,aircraft,-10.282216,-46.375835
m1263.ply,aircraft,5.174582,-15.864158
m1129.ply,aircraft,18.153719,-15.284897
m1303.ply,aircraft,5.1366405,7.490295
m1317.ply,aircraft,16.949316,-27.004747
m1313.ply,aircraft,23.462015,-35.5371
m1307.ply,aircraft,20.935724,-24.044323
m1139.ply,aircraft,15.402515,-7.048064
m1267.ply,aircraft,18.771238,-25.44113
m1273.ply,aircraft,19.083874,-39.27552
m1298.ply,aircraft,23.22323,-8.439259
m1299.ply,aircraft,6.8654523,-29.916067
m1272.ply,aircraft,48.209877,-4.780079
m1266.ply,aircraft,3.5455205,-37.686543
m1138.ply,aircraft,6.0874834,8.095551
m1306.ply,aircraft,27.857088,-25.350481
m1312.ply,aircraft,25.362886,-9.058034
m1304.ply,aircraft,21.641506,3.1367342
m1310.ply,aircraft,28.790506,-24.240622
m1338.ply,aircraft,-15.635882,30.248213
m1270.ply,aircraft,18.343784,-40.288536
m1264.ply,aircraft,8.591918,-23.625675
m1258.ply,aircraft,14.533967,-22.03306
m1259.ply,aircraft,8.980576,-10.949368
m1265.ply,aircraft,13.649839,-40.812454
m1271.ply,aircraft,8.610865,-41.36829
m1339.ply,aircraft,1.5254406,18.795824
m1311.ply,aircraft,23.061737,-30.355814
m1305.ply,aircraft,-5.059646,-29.488247
m1485.ply,vehicle,-31.435505,15.778734
m1491.ply,vehicle,-10.835011,29.806467
m1532.ply,vehicle,-34.05778,26.86852
m1526.ply,vehicle,-33.904434,26.455399
m1527.ply,vehicle,-18.344408,23.943115
m1533.ply,vehicle,-39.632595,18.08299
m1490.ply,vehicle,-21.954592,11.290935
m1484.ply,vehicle,-2.0665781,-11.051732
m1479.ply,vehicle,4.3583508,3.3554285
m1492.ply,vehicle,-3.5929086,29.525661
m1486.ply,vehicle,-34.546627,15.387236
m1519.ply,vehicle,-37.97627,11.964348
m1525.ply,vehicle,-15.6676445,23.96182
m1531.ply,vehicle,-39.243965,12.668645
m1530.ply,vehicle,-41.54314,22.325142
m1524.ply,vehicle,-37.297558,13.32019
m1518.ply,vehicle,-36.074825,10.838205
m1487.ply,vehicle,-8.211245,28.129845
m1493.ply,vehicle,-3.9445322,29.647991
m1478.ply,vehicle,12.635265,-35.752995
m1497.ply,vehicle,-20.288635,10.99447
m1483.ply,vehicle,-0.6543113,15.0489
m1520.ply,vehicle,13.604046,23.876202
m1534.ply,vehicle,-39.645813,20.467134
m1508.ply,vehicle,-5.9173617,11.853041
m1509.ply,vehicle,7.6440816,19.663103
m1535.ply,vehicle,-20.209988,11.221709
m1521.ply,vehicle,-33.846848,27.22794
m1482.ply,vehicle,1.5736378,1.8247881
m1496.ply,vehicle,-21.415442,5.8596315
m1480.ply,vehicle,-4.3623443,17.37117
m1494.ply,vehicle,-15.177603,15.240424
m1537.ply,vehicle,-42.32957,23.075336
m1523.ply,vehicle,-36.843292,10.979149
m1522.ply,vehicle,-37.27228,12.447018
m1536.ply,vehicle,-41.93937,21.904032
m1495.ply,vehicle,-1.5273128,12.332995
m1481.ply,vehicle,-0.13418691,-11.591359
m1419.ply,vehicle,-19.047874,24.7275
m1425.ply,vehicle,-15.400887,6.5189133
m1579.ply,vehicle,-40.48878,13.51555
m1551.ply,vehicle,-40.047592,25.213467
m1545.ply,vehicle,-40.1422,24.397047
m1586.ply,vehicle,0.16911024,23.615103
m1587.ply,vehicle,-4.22884,19.155306
m1544.ply,vehicle,-0.75239843,22.930225
m1550.ply,vehicle,-36.781746,11.862599
m1578.ply,vehicle,-37.98357,15.251315
m1424.ply,vehicle,-11.123425,28.490278
m1418.ply,vehicle,-15.040833,19.832201
m1426.ply,vehicle,-8.809888,34.021454
m1546.ply,vehicle,-23.297674,37.052532
m1552.ply,vehicle,-35.68999,10.38405
m1585.ply,vehicle,1.0467418,24.217518
m1584.ply,vehicle,-30.500751,16.432138
m1553.ply,vehicle,-36.68064,8.294165
m1547.ply,vehicle,-35.599552,14.937749
m1423.ply,vehicle,-15.879218,4.2002873
m1543.ply,vehicle,-36.404736,11.639064
m1557.ply,vehicle,-33.430054,15.503802
m1580.ply,vehicle,-11.054924,32.635155
m1581.ply,vehicle,-42.368706,20.989498
m1556.ply,vehicle,6.426677,14.486266
m1542.ply,vehicle,-37.111248,19.212765
m1422.ply,vehicle,-3.9584055,-2.6100028
m1420.ply,vehicle,-11.30855,28.120338
m1554.ply,vehicle,9.645724,-3.8185747
m1540.ply,vehicle,-36.080982,16.626776
m1568.ply,vehicle,47.73204,-3.9318593
m1583.ply,vehicle,-20.823683,12.091864
m1582.ply,vehicle,-42.011658,20.660294
m1569.ply,vehicle,15.870775,25.19797
m1541.ply,vehicle,1.0728245,23.481571
m1555.ply,vehicle,-17.68659,5.0208464
m1421.ply,vehicle,-21.010204,30.400522
m1558.ply,vehicle,-36.544476,15.869478
m1570.ply,vehicle,-18.544765,23.471464
m1564.ply,vehicle,-20.242668,34.02752
m1565.ply,vehicle,15.599376,25.072542
m1571.ply,vehicle,-0.93949014,14.464392
m1559.ply,vehicle,4.361277,25.060518
m1411.ply,vehicle,-30.019962,4.571605
m1413.ply,vehicle,-32.37507,28.25293
m1567.ply,vehicle,-30.437645,30.497814
m1573.ply,vehicle,-37.832508,16.317703
m1572.ply,vehicle,-43.030624,22.607435
m1566.ply,vehicle,9.957954,8.212292
m1412.ply,vehicle,-15.776761,5.54189
m1416.ply,vehicle,-14.391133,27.056732
m1562.ply,vehicle,2.8911197,39.88262
m1576.ply,vehicle,-12.357771,26.566395
m1588.ply,vehicle,-31.059443,9.877244
m1577.ply,vehicle,-36.472466,19.163223
m1563.ply,vehicle,-20.343918,32.771088
m1417.ply,vehicle,-9.915822,32.403713
m1415.ply,vehicle,-14.588237,22.299955
m1575.ply,vehicle,-7.5313535,37.765778
m1561.ply,vehicle,14.931143,25.378538
m1549.ply,vehicle,-41.555225,20.605446
m1548.ply,vehicle,-40.143063,24.397238
m1560.ply,vehicle,-8.244046,40.39736
m1574.ply,vehicle,-21.802454,30.978487
m1414.ply,vehicle,-12.638941,28.532093
m1473.ply,vehicle,3.2745628,-34.062572
m1498.ply,vehicle,-17.593592,22.739803
m1513.ply,vehicle,-1.3120474,-0.6482729
m1507.ply,vehicle,-5.2553873,11.351547
m1506.ply,vehicle,14.67678,20.251825
m1512.ply,vehicle,-17.04595,20.831276
m1499.ply,vehicle,-6.421578,32.07589
m1472.ply,vehicle,26.207535,-19.0495
m1538.ply,vehicle,-36.85689,10.997393
m1504.ply,vehicle,-4.101375,11.073288
m1510.ply,vehicle,-5.948244,12.316268
m1511.ply,vehicle,-4.6262875,12.154153
m1505.ply,vehicle,-19.343885,-12.858572
m1539.ply,vehicle,-32.07386,16.417889
m1475.ply,vehicle,10.2426195,-33.275467
m1501.ply,vehicle,-10.431283,29.39142
m1515.ply,vehicle,-9.403527,-8.895231
m1529.ply,vehicle,-38.71924,18.980932
m1528.ply,vehicle,-34.154873,20.868471
m1514.ply,vehicle,-4.7034388,-2.661987
m1500.ply,vehicle,-22.054525,12.220523
m1474.ply,vehicle,13.58669,-35.172405
m1476.ply,vehicle,13.231285,-35.3816
m1489.ply,vehicle,-22.70786,12.41453
m1516.ply,vehicle,-34.840668,20.192293
m1502.ply,vehicle,-22.145506,-3.8116922
m1503.ply,vehicle,-9.868688,-33.728836
m1517.ply,vehicle,-36.59188,12.849966
m1488.ply,vehicle,-1.8399172,35.50961
m1477.ply,vehicle,27.08935,-13.365194
m1056.ply,plant,56.763638,-1.1310893
m1042.ply,plant,56.553253,0.79716206
m1095.ply,plant,30.099852,-15.061611
m1081.ply,plant,41.412888,-8.660215
m1080.ply,plant,56.440865,-0.68577343
m1094.ply,plant,28.82652,-30.772919
m1043.ply,plant,25.629505,-6.0895686
m1057.ply,plant,39.930553,-4.7547626
m1069.ply,plant,28.40772,11.040223
m1041.ply,plant,57.291283,-0.85789365
m1055.ply,plant,57.04409,-1.813095
m1082.ply,plant,-20.14739,-9.904737
m1096.ply,plant,-6.7206793,-10.935624
m1097.ply,plant,-20.998655,-66.855835
m1083.ply,plant,57.474358,0.25273073
m1054.ply,plant,10.865768,0.053970966
m1040.ply,plant,56.43827,-1.7601542
m1068.ply,plant,39.929737,-4.7538013
m1044.ply,plant,55.8954,-1.3457309
m1050.ply,plant,-25.843264,-7.9787006
m1078.ply,plant,-5.7872734,-25.861818
m1087.ply,plant,41.313755,-9.00636
m1093.ply,plant,49.348846,-3.4756951
m1092.ply,plant,16.0066,-6.2039943
m1086.ply,plant,-42.95658,23.84502
m1079.ply,plant,-26.329945,-14.348643
m1051.ply,plant,21.222588,26.63776
m1045.ply,plant,56.99976,-0.35196587
m1053.ply,plant,27.750105,-18.227486
m1047.ply,plant,48.258743,-2.8234103
m1090.ply,plant,42.013687,-9.865069
m1084.ply,plant,57.65842,-0.5460177
m1085.ply,plant,58.14927,0.15496922
m1091.ply,plant,-8.863234,-12.951857
m1046.ply,plant,27.748478,-18.196165
m1052.ply,plant,26.953598,13.323332
m1009.ply,plant,15.903706,21.967197
m1035.ply,plant,4.733644,42.653084
m1021.ply,plant,12.290378,-5.3616242
m966.ply,plant,-14.071824,23.750706
m972.ply,plant,-22.179792,-25.599213
m999.ply,plant,4.5580516,-4.174356
m998.ply,plant,30.267345,-25.666618
m973.ply,plant,21.043943,37.2253
m967.ply,plant,44.74494,-6.973881
m1020.ply,plant,1.5749196,13.051084
m1034.ply,plant,24.049936,-31.787477
m1008.ply,plant,15.537793,35.160397
m1022.ply,plant,11.312958,33.849255
m1036.ply,plant,24.27322,-8.447358
m971.ply,plant,15.599255,30.61467
m965.ply,plant,27.040096,-17.630262
m964.ply,plant,42.011894,-9.349569
m970.ply,plant,21.528185,36.993423
m1037.ply,plant,21.430906,30.639793
m1023.ply,plant,6.2114534,1.3552318
m1027.ply,plant,14.161958,22.578032
m1033.ply,plant,15.044438,-18.54167
m974.ply,plant,-16.116014,-51.574863
m961.ply,plant,-9.425701,39.788284
m975.ply,plant,26.097242,-23.337152
m1032.ply,plant,22.552998,27.439186
m1026.ply,plant,20.54241,29.161142
m1030.ply,plant,-1.3979173,28.962442
m1024.ply,plant,10.580098,-2.0995326
m1018.ply,plant,-1.0844002,41.737946
m963.ply,plant,55.918842,-0.5877307
m977.ply,plant,57.58151,-1.8181361
m988.ply,plant,42.350185,-11.324249
m989.ply,plant,-15.595676,22.450075
m976.ply,plant,6.531553,-4.3979983
m962.ply,plant,25.824411,11.430606
m1019.ply,plant,14.823039,0.84414077
m1025.ply,plant,14.22329,0.31093568
m1031.ply,plant,5.8972545,-2.7246182
m1028.ply,plant,-6.5877194,21.864971
m1014.ply,plant,-14.723038,24.001219
m1000.ply,plant,14.217683,-1.8198719
m984.ply,plant,-18.610573,-20.168434
m990.ply,plant,11.429668,12.241814
m991.ply,plant,24.38736,14.954061
m985.ply,plant,38.39959,-11.709855
m1001.ply,plant,5.861807,-4.577558
m1015.ply,plant,-37.347847,8.859178
m1029.ply,plant,17.709988,-4.8003736
m1003.ply,plant,12.099358,22.494535
m1017.ply,plant,9.565784,9.231521
m978.ply,plant,-10.795641,-18.255304
m993.ply,plant,-19.198746,-22.376995
m987.ply,plant,-18.616426,-20.165642
m986.ply,plant,-8.579792,-22.355518
m992.ply,plant,26.941837,10.816305
m979.ply,plant,-1.4173309,-10.528711
m1016.ply,plant,-0.8618318,-9.965383
m1002.ply,plant,-7.246289,31.485098
m1006.ply,plant,26.411943,6.2094746
m1012.ply,plant,18.866936,-13.61835
m969.ply,plant,21.928995,26.58776
m996.ply,plant,10.531158,-5.445603
m982.ply,plant,27.851122,-19.49945
m983.ply,plant,14.447812,-1.0109379
m997.ply,plant,-4.0173807,15.1677065
m968.ply,plant,50.549118,-3.612828
m1013.ply,plant,-1.0823233,34.9107
m1007.ply,plant,-27.818665,31.390291
m1011.ply,plant,24.369831,11.908887
m1005.ply,plant,22.701244,-0.020516068
m1039.ply,plant,2.3245764,2.0091217
m981.ply,plant,40.57227,-10.957753
m995.ply,plant,13.487007,22.687635
m994.ply,plant,21.7444,30.247505
m980.ply,plant,28.733553,-30.942728
m1038.ply,plant,6.438012,-31.439194
m1004.ply,plant,20.693312,28.299625
m1010.ply,plant,5.4570765,-3.735498
m1077.ply,plant,21.745716,9.970923
m1063.ply,plant,23.931314,33.780777
m1088.ply,plant,29.472517,-16.02951
m1089.ply,plant,12.28624,-15.127614
m1062.ply,plant,25.672781,-30.114382
m1076.ply,plant,49.020763,-3.9949522
m1048.ply,plant,9.763026,-0.8123904
m1060.ply,plant,21.067533,33.638245
m1074.ply,plant,47.870796,-2.0925188
m1075.ply,plant,14.508375,-32.09143
m1061.ply,plant,20.449038,-11.577483
m1049.ply,plant,49.9226,-4.152909
m1065.ply,plant,55.167202,-0.055630293
m1071.ply,plant,28.505432,-16.806108
m1059.ply,plant,25.28009,31.367554
m1058.ply,plant,28.496624,-16.811237
m1070.ply,plant,25.24118,-30.934917
m1064.ply,plant,54.843704,0.40008956
m1072.ply,plant,25.108349,-30.239897
m1066.ply,plant,53.62595,2.1674035
m1098.ply,plant,25.288927,12.752015
m1067.ply,plant,25.27814,31.366545
m1073.ply,plant,42.587704,-8.824706
m1624.ply,fantasy_animal,19.395706,-16.258371
m1625.ply,fantasy_animal,24.318216,-19.671217
m1621.ply,fantasy_animal,19.665688,-35.84221
m1620.ply,fantasy_animal,-15.411856,13.735553
m1622.ply,fantasy_animal,16.02384,36.009823
m1623.ply,fantasy_animal,23.39051,11.362415
m1669.ply,newtonian_toy,9.14713,53.775223
m1668.ply,newtonian_toy,11.911121,26.920359
m1666.ply,newtonian_toy,27.5893,12.401941
m1667.ply,newtonian_toy,13.824081,47.030876
m1784.ply,bridge,-19.936129,-62.16602
m1785.ply,bridge,-14.992186,-48.68708
m1787.ply,bridge,-19.65368,-63.697124
m1786.ply,bridge,-6.7022443,-48.37303
m1779.ply,bridge,16.074074,11.934998
m1782.ply,bridge,-43.43115,23.281532
m1783.ply,bridge,14.465046,-20.080215
m1781.ply,bridge,26.099577,1.2143754
m1780.ply,bridge,26.11301,1.2161324
m1788.ply,bridge,-11.582962,-44.990177
m520.ply,mailbox,22.709064,4.5770535
m519.ply,mailbox,20.992025,3.608628
m518.ply,mailbox,15.458524,-18.426985
m515.ply,mailbox,-28.804161,3.9175425
m514.ply,mailbox,-22.84417,3.1267257
m516.ply,mailbox,19.334185,29.322134
m517.ply,mailbox,-10.942847,-23.632782
m642.ply,musical_instrument,9.37943,41.11277
m643.ply,musical_instrument,1.0775875,14.959567
m641.ply,musical_instrument,2.327472,-43.18145
m640.ply,musical_instrument,-29.758026,-13.289443
m644.ply,musical_instrument,10.732315,13.05514
m645.ply,musical_instrument,19.952162,16.862314
m647.ply,musical_instrument,6.5551972,20.721413
m646.ply,musical_instrument,-0.37940937,35.00654
m635.ply,musical_instrument,-15.838757,-46.58323
m634.ply,musical_instrument,-21.55572,-60.558937
m636.ply,musical_instrument,-15.960889,-49.108284
m637.ply,musical_instrument,-18.169958,-54.27932
m627.ply,musical_instrument,-17.959671,-39.69633
m633.ply,musical_instrument,-44.03305,25.042515
m632.ply,musical_instrument,-16.848413,-47.69211
m626.ply,musical_instrument,-21.347395,-61.18976
m630.ply,musical_instrument,-17.151089,-40.057808
m625.ply,musical_instrument,-16.898962,-48.357166
m631.ply,musical_instrument,-15.192018,-42.577763
m628.ply,musical_instrument,-18.729,-53.58859
m629.ply,musical_instrument,-22.445122,-62.651478
m639.ply,musical_instrument,40.119675,-8.912993
m638.ply,musical_instrument,-7.723627,-39.677166
m1747.ply,shoe,-31.784191,5.2382693
m1746.ply,shoe,-38.689663,11.6473675
m1744.ply,shoe,-34.119167,14.498661
m1745.ply,shoe,-32.11731,5.3252535
m1741.ply,shoe,-19.147621,1.3268608
m1740.ply,shoe,-18.074574,3.2167106
m1742.ply,shoe,-11.787237,27.302963
m1743.ply,shoe,-29.818823,5.7534804
m1814.ply,satellite_dish,-10.188244,27.642946
m1812.ply,satellite_dish,-12.3723955,-20.134123
m1813.ply,satellite_dish,0.24426858,6.285867
m1811.ply,satellite_dish,56.275494,0.22368813
m1446.ply,sea_vessel,-27.273619,-15.702704
m1452.ply,sea_vessel,4.4967537,-34.82727
m1453.ply,sea_vessel,2.908758,5.893721
m1447.ply,sea_vessel,-18.724909,-45.326805
m1451.ply,sea_vessel,-12.717631,-49.41784
m1445.ply,sea_vessel,-23.424732,-22.628897
m1444.ply,sea_vessel,-15.517676,-17.678743
m1450.ply,sea_vessel,2.7116847,-15.324311
m1454.ply,sea_vessel,9.203717,0.7749948
m1440.ply,sea_vessel,-11.777738,-30.19389
m1468.ply,sea_vessel,-18.91541,-29.903032
m1469.ply,sea_vessel,-17.212036,-49.07895
m1441.ply,sea_vessel,-17.082907,-17.360142
m1455.ply,sea_vessel,14.22376,-7.3543353
m1443.ply,sea_vessel,-24.03333,-22.050537
m1457.ply,sea_vessel,4.8112645,-2.030694
m1456.ply,sea_vessel,-21.909178,32.18385
m1442.ply,sea_vessel,-29.07101,-13.43167
m1431.ply,sea_vessel,-4.9564967,-31.802448
m1430.ply,sea_vessel,-5.445829,-33.14924
m1432.ply,sea_vessel,-13.495956,-44.067345
m1427.ply,sea_vessel,-5.0028734,-33.13324
m1433.ply,sea_vessel,-5.4693656,-30.438753
m1437.ply,sea_vessel,-11.611867,-37.032047
m1436.ply,sea_vessel,-21.810526,-27.82392
m1434.ply,sea_vessel,15.556602,34.236824
m1435.ply,sea_vessel,-21.7481,-16.277485
m1438.ply,sea_vessel,-20.14468,-16.047338
m1439.ply,sea_vessel,-19.22553,-29.176723
m1429.ply,sea_vessel,-4.926324,-33.369972
m1428.ply,sea_vessel,-7.042835,-33.13549
m1467.ply,sea_vessel,-14.517725,-34.84242
m1466.ply,sea_vessel,-23.507679,-22.288095
m1458.ply,sea_vessel,0.8974409,15.349663
m1470.ply,sea_vessel,-18.202505,-45.14391
m1464.ply,sea_vessel,-13.517732,-35.937496
m1465.ply,sea_vessel,-12.990887,-43.8
m1471.ply,sea_vessel,-14.201762,-3.4756858
m1459.ply,sea_vessel,3.3487854,15.969162
m1461.ply,sea_vessel,19.285082,-15.028699
m1449.ply,sea_vessel,3.4196887,-16.112543
m1448.ply,sea_vessel,16.757063,-19.84968
m1460.ply,sea_vessel,38.795906,-8.576579
m1462.ply,sea_vessel,49.737434,-3.8338568
m1463.ply,sea_vessel,-18.74386,-44.346867
m736.ply,wheel,-12.542187,25.833544
m737.ply,wheel,-9.326216,44.115807
m735.ply,wheel,0.7178978,-15.4815035
m734.ply,wheel,-27.917328,17.496439
m733.ply,wheel,-0.7667299,19.327305
m741.ply,wheel,-23.916306,40.80495
m740.ply,wheel,-41.79212,28.578455
m742.ply,wheel,-39.66329,23.860004
m743.ply,wheel,-39.676453,22.926733
m747.ply,wheel,-38.255714,21.005413
m746.ply,wheel,-2.561921,18.167204
m744.ply,wheel,-27.392742,33.083202
m745.ply,wheel,-14.905706,30.155142
m748.ply,wheel,-15.815722,17.499397
m749.ply,wheel,-38.847145,21.263512
m739.ply,wheel,-14.762415,28.997328
m738.ply,wheel,-35.83001,22.166626
m1807.ply,sink,5.1511636,6.194443
m1810.ply,sink,20.735493,17.18682
m1809.ply,sink,0.32901478,14.665383
m1808.ply,sink,-6.15407,21.363552
m1644.ply,ladder,-20.977488,-64.301735
m1645.ply,ladder,-20.6717,-61.583305
m1642.ply,ladder,2.4092667,-43.182858
m1643.ply,ladder,18.879284,-38.537422
m113.ply,miscellaneous,7.4508724,-38.449696
m117.ply,miscellaneous,7.3932657,-38.015972
m116.ply,miscellaneous,8.819963,-37.657925
m114.ply,miscellaneous,8.822257,-37.485744
m115.ply,miscellaneous,27.371891,-15.093786
m859.ply,furniture,-7.795018,47.501225
m871.ply,furniture,-28.027443,36.739223
m865.ply,furniture,-27.016916,40.4756
m939.ply,furniture,11.977927,46.866188
m905.ply,furniture,21.03935,32.02881
m911.ply,furniture,13.870228,34.723713
m910.ply,furniture,-8.088563,31.057678
m904.ply,furniture,15.754292,28.597212
m938.ply,furniture,13.250368,35.81756
m864.ply,furniture,-39.068783,28.355896
m870.ply,furniture,21.25319,24.462103
m858.ply,furniture,-42.12294,27.987026
m866.ply,furniture,-2.2558308,15.432891
m872.ply,furniture,3.2501714,28.867968
m899.ply,furniture,16.792353,39.13018
m912.ply,furniture,18.945837,37.614388
m906.ply,furniture,22.049988,12.400833
m907.ply,furniture,22.640646,35.345314
m913.ply,furniture,8.415962,52.824604
m898.ply,furniture,24.056736,28.263811
m873.ply,furniture,23.271692,28.095911
m867.ply,furniture,24.824856,27.008675
m863.ply,furniture,-33.978252,28.569311
m877.ply,furniture,12.574097,-17.848694
m888.ply,furniture,13.911931,43.29103
m917.ply,furniture,14.8898115,41.88212
m903.ply,furniture,25.10147,-10.802555
m902.ply,furniture,12.944075,36.59522
m916.ply,furniture,22.62386,26.516472
m889.ply,furniture,11.707939,34.69393
m876.ply,furniture,7.3672295,52.301456
m862.ply,furniture,7.476211,52.96202
m874.ply,furniture,11.278,20.902824
m860.ply,furniture,10.6064,42.36483
m848.ply,furniture,-1.5774158,41.98922
m900.ply,furniture,20.31211,37.16293
m914.ply,furniture,16.752327,11.748909
m928.ply,furniture,54.73048,2.1062005
m929.ply,furniture,58.57044,0.7283334
m915.ply,furniture,15.0514145,43.060623
m901.ply,furniture,9.82186,43.334328
m849.ply,furniture,0.7079962,41.75966
m861.ply,furniture,8.296482,41.940468
m875.ply,furniture,14.3215475,12.780782
m812.ply,furniture,24.728504,9.961465
m806.ply,furniture,14.891504,-13.65638
m782.ply,furniture,25.651875,14.08949
m796.ply,furniture,7.3990617,9.782162
m769.ply,furniture,4.9304986,17.970625
m768.ply,furniture,9.123535,42.306767
m797.ply,furniture,-0.54969454,5.6737714
m783.ply,furniture,23.649948,29.678911
m807.ply,furniture,24.903183,11.997026
m813.ply,furniture,25.238426,8.070269
m839.ply,furniture,1.1532873,34.433945
m805.ply,furniture,15.0937,-5.972153
m811.ply,furniture,23.34432,10.329657
m795.ply,furniture,9.03497,12.396017
m959.ply,furniture,2.9300683,27.371788
m781.ply,furniture,14.901428,38.4551
m780.ply,furniture,10.088431,48.013306
m958.ply,furniture,-2.8068166,35.66137
m794.ply,furniture,22.859919,10.199227
m810.ply,furniture,24.815329,11.1901245
m804.ply,furniture,13.49891,-1.6318778
m838.ply,furniture,-16.285221,24.04731
m800.ply,furniture,13.617229,-0.5665257
m814.ply,furniture,22.719975,25.14072
m828.ply,furniture,18.291105,-12.091849
m960.ply,furniture,2.7172666,28.42132
m948.ply,furniture,6.4152985,54.33772
m790.ply,furniture,23.413202,35.259697
m784.ply,furniture,-18.573835,12.504372
m785.ply,furniture,23.707819,26.438812
m791.ply,furniture,10.137365,42.55461
m949.ply,furniture,7.1594462,49.863438
m829.ply,furniture,-15.904633,7.8710294
m815.ply,furniture,24.120872,12.737662
m801.ply,furniture,7.474435,9.7650385
m817.ply,furniture,21.701809,10.638353
m803.ply,furniture,18.280807,-12.453121
m787.ply,furniture,20.79554,19.08691
m793.ply,furniture,9.541404,-0.19726448
m778.ply,furniture,7.1891413,51.621277
m779.ply,furniture,26.890137,-12.83483
m792.ply,furniture,19.570047,-14.957512
m786.ply,furniture,16.569117,37.19857
m802.ply,furniture,18.008293,30.829973
m816.ply,furniture,25.048206,10.633606
m833.ply,furniture,-8.78301,23.893646
m827.ply,furniture,26.060196,7.4867935
m947.ply,furniture,12.51048,44.506393
m953.ply,furniture,-26.674223,38.162193
m774.ply,furniture,12.81458,48.281452
m775.ply,furniture,15.618042,38.52158
m952.ply,furniture,4.347725,43.85183
m946.ply,furniture,13.506997,32.75925
m826.ply,furniture,24.820345,8.701279
m832.ply,furniture,-8.495481,22.735264
m818.ply,furniture,22.333115,10.097544
m824.ply,furniture,26.717852,10.458419
m830.ply,furniture,-18.85512,24.085413
m950.ply,furniture,6.4935756,52.9694
m788.ply,furniture,22.00499,-3.5036116
m944.ply,furniture,12.314605,41.30539
m777.ply,furniture,44.88734,-6.3015504
m763.ply,furniture,11.592517,47.71655
m776.ply,furniture,42.332294,-7.9900737
m945.ply,furniture,4.1890445,41.282246
m789.ply,furniture,22.924187,16.294094
m951.ply,furniture,5.152508,44.388397
m831.ply,furniture,11.427048,22.191574
m825.ply,furniture,22.637169,11.0952425
m819.ply,furniture,24.66458,13.562658
m821.ply,furniture,23.926207,10.729971
m835.ply,furniture,11.709866,22.044514
m809.ply,furniture,25.421741,-11.188402
m955.ply,furniture,-4.7975492,47.857815
m941.ply,furniture,4.3705955,17.85972
m799.ply,furniture,12.440141,-0.0011531273
m772.ply,furniture,8.11508,37.22078
m766.ply,furniture,-21.047297,32.859566
m767.ply,furniture,-2.0461826,32.02182
m773.ply,furniture,8.1071005,37.225388
m798.ply,furniture,12.866496,-0.59982365
m940.ply,furniture,7.5416026,36.05081
m954.ply,furniture,-24.099566,41.421677
m808.ply,furniture,22.474846,-5.6337614
m834.ply,furniture,-4.750453,15.043861
m820.ply,furniture,22.724508,25.051132
m836.ply,furniture,-22.742798,35.02688
m822.ply,furniture,16.262276,-7.066625
m942.ply,furniture,10.441758,14.892783
m956.ply,furniture,-4.3757167,46.37666
m765.ply,furniture,8.902746,48.85978
m771.ply,furniture,8.102588,37.222282
m770.ply,furniture,3.6661289,28.553041
m764.ply,furniture,12.993778,42.802734
m957.ply,furniture,3.7726998,37.622295
m943.ply,furniture,15.01129,37.285534
m823.ply,furniture,24.009117,10.130171
m837.ply,furniture,-22.185728,10.5842705
m878.ply,furniture,8.341742,54.40302
m850.ply,furniture,49.066643,-0.8797058
m844.ply,furniture,3.4385736,29.280922
m893.ply,furniture,12.39831,48.80909
m887.ply,furniture,13.412107,34.76732
m918.ply,furniture,20.916948,24.628696
m924.ply,furniture,57.867794,0.7259685
m930.ply,furniture,14.128654,36.147335
m931.ply,furniture,21.81521,28.061668
m925.ply,furniture,57.500103,1.1786208
m919.ply,furniture,7.6538744,53.412785
m886.ply,furniture,6.293671,40.65016
m892.ply,furniture,55.67804,0.84418595
m845.ply,furniture,0.9142116,17.817545
m851.ply,furniture,-0.34755147,18.182312
m879.ply,furniture,13.005492,27.339005
m847.ply,furniture,-24.698698,39.469162
m853.ply,furniture,-4.1156735,21.398573
m884.ply,furniture,12.015026,26.54048
m890.ply,furniture,3.790096,39.780796
m933.ply,furniture,4.342118,10.839404
m927.ply,furniture,2.6627755,11.272768
m926.ply,furniture,56.034004,1.542817
m932.ply,furniture,4.016513,13.93312
m891.ply,furniture,16.238005,28.085485
m885.ply,furniture,18.712702,25.462732
m852.ply,furniture,-0.21301682,18.096577
m846.ply,furniture,-10.964512,27.002127
m842.ply,furniture,-23.739122,0.93123835
m856.ply,furniture,-3.8087418,44.400303
m881.ply,furniture,16.834085,29.68268
m895.ply,furniture,20.273481,26.580595
m936.ply,furniture,6.7422624,37.10835
m922.ply,furniture,2.131425,15.81434
m923.ply,furniture,3.545856,11.266909
m937.ply,furniture,2.1172385,38.669106
m894.ply,furniture,7.760865,2.4553328
m880.ply,furniture,22.241589,21.778503
m857.ply,furniture,-7.74918,44.448082
m843.ply,furniture,-27.420519,31.957047
m855.ply,furniture,-30.644571,31.00578
m841.ply,furniture,9.0137825,41.682713
m869.ply,furniture,3.3424654,26.595068
m896.ply,furniture,6.346288,55.06367
m882.ply,furniture,15.45833,39.445606
m921.ply,furniture,14.956491,-3.282251
m935.ply,furniture,10.027775,41.529064
m909.ply,furniture,11.198973,43.219788
m908.ply,furniture,24.059923,28.277435
m934.ply,furniture,8.573134,5.1901345
m920.ply,furniture,12.715523,15.821639
m883.ply,furniture,6.7201734,55.63991
m897.ply,furniture,16.79243,37.748623
m868.ply,furniture,16.122538,20.224394
m840.ply,furniture,-20.373703,39.28851
m854.ply,furniture,-23.435812,43.21021
m695.ply,blade,17.080408,-41.192837
m722.ply,blade,-19.602917,-61.191956
m723.ply,blade,21.541046,-41.09351
m694.ply,blade,20.11981,-40.74866
m696.ply,blade,21.997347,-40.8651
m721.ply,blade,-12.594076,-36.68089
m709.ply,blade,-9.964756,-45.444267
m708.ply,blade,-10.267171,-45.415184
m720.ply,blade,-14.994008,-49.19337
m697.ply,blade,-19.079449,-64.04682
m687.ply,blade,-17.921156,-57.24491
m693.ply,blade,-15.680973,-52.908363
m718.ply,blade,-20.958849,-63.10493
m730.ply,blade,-16.826422,-53.64191
m724.ply,blade,-22.88541,-29.774158
m725.ply,blade,-11.24217,-36.240696
m731.ply,blade,-13.613717,-39.79848
m719.ply,blade,-13.895005,-43.204166
m692.ply,blade,-8.888099,-44.69617
m690.ply,blade,1.0936508,4.482822
m727.ply,blade,-17.067928,-51.22614
m732.ply,blade,-17.19701,-55.753662
m726.ply,blade,-22.840557,-63.065376
m691.ply,blade,-15.093685,-52.309803
m688.ply,blade,-21.778328,-2.244531
m703.ply,blade,-20.470022,-63.20384
m717.ply,blade,-18.573698,-60.527813
m716.ply,blade,-10.328067,-45.52097
m702.ply,blade,-15.919021,-53.715984
m689.ply,blade,22.324667,-41.193394
m714.ply,blade,-19.432716,-64.499016
m700.ply,blade,-19.525763,-60.62905
m728.ply,blade,-10.88735,-35.509827
m729.ply,blade,-11.439598,-46.04793
m701.ply,blade,-20.116035,-64.27045
m715.ply,blade,21.9776,-40.85945
m711.ply,blade,-17.963194,-55.49944
m705.ply,blade,15.134516,-40.59393
m704.ply,blade,-18.89525,-61.550064
m710.ply,blade,-12.323013,-47.159863
m699.ply,blade,16.101969,-42.499615
m706.ply,blade,-42.29974,28.48563
m712.ply,blade,-19.026628,-62.673214
m713.ply,blade,-18.952349,-59.983803
m707.ply,blade,-12.122387,-48.059673
m698.ply,blade,18.211107,-41.956947
m332.ply,body_part,-26.078299,16.094152
m326.ply,body_part,-17.004719,-0.19862717
m285.ply,body_part,-11.98988,32.83481
m291.ply,body_part,-19.669098,0.31512487
m290.ply,body_part,22.756388,-6.0617023
m284.ply,body_part,-11.565388,33.72439
m327.ply,body_part,-25.2035,9.195266
m333.ply,body_part,-24.483854,10.56809
m325.ply,body_part,-17.009188,-0.3483391
m331.ply,body_part,-17.970287,1.1889534
m319.ply,body_part,-8.506786,3.9122734
m292.ply,body_part,-19.533094,-0.9584834
m286.ply,body_part,-28.454544,18.658106
m287.ply,body_part,-22.475176,2.4054983
m293.ply,body_part,20.260618,15.078253
m318.ply,body_part,17.922222,18.367014
m330.ply,body_part,0.77783746,6.1100464
m324.ply,body_part,-16.965216,-20.083937
m308.ply,body_part,-3.3597026,-8.090726
m320.ply,body_part,-9.166132,3.4185069
m334.ply,body_part,-13.21536,12.177927
m297.ply,body_part,-25.176691,2.473968
m283.ply,body_part,-14.397228,30.471275
m296.ply,body_part,-17.226408,-2.3284292
m335.ply,body_part,-18.31913,2.6711679
m321.ply,body_part,21.422903,16.009949
m309.ply,body_part,21.401087,-2.6725943
m337.ply,body_part,-20.163122,-26.909271
m323.ply,body_part,-9.329799,-10.804413
m294.ply,body_part,-8.866228,3.9598956
m295.ply,body_part,4.3808517,-4.691273
m322.ply,body_part,-25.160818,2.4716573
m336.ply,body_part,-10.608191,-9.974389
m351.ply,body_part,-23.82792,24.90045
m345.ply,body_part,-19.52794,32.14317
m379.ply,body_part,-26.674107,16.64024
m378.ply,body_part,-26.8241,16.179453
m344.ply,body_part,-30.475924,17.94033
m350.ply,body_part,-26.565033,17.517809
m346.ply,body_part,-24.933882,23.256659
m352.ply,body_part,-24.316368,33.988785
m353.ply,body_part,-27.421978,17.988468
m347.ply,body_part,-13.756297,27.243895
m380.ply,body_part,-6.517092,4.320852
m343.ply,body_part,-27.492865,16.309446
m357.ply,body_part,-24.090866,22.150583
m356.ply,body_part,-23.519218,33.805416
m342.ply,body_part,-28.51475,33.211575
m381.ply,body_part,0.8999222,44.269085
m368.ply,body_part,-36.69097,21.701504
m354.ply,body_part,-24.958338,23.837149
m340.ply,body_part,-20.3043,28.272692
m341.ply,body_part,-27.84899,14.944786
m355.ply,body_part,-29.538383,15.131778
m369.ply,body_part,-24.099585,23.856749
m370.ply,body_part,-26.341753,8.848176
m364.ply,body_part,-24.940845,12.284812
m358.ply,body_part,-22.55179,27.35517
m359.ply,body_part,-27.139822,14.712414
m365.ply,body_part,-29.35744,17.379595
m371.ply,body_part,-11.753532,8.221006
m367.ply,body_part,-27.902931,9.676481
m373.ply,body_part,-38.045593,11.109123
m372.ply,body_part,-30.947788,6.532364
m366.ply,body_part,-24.642397,10.928886
m362.ply,body_part,-28.07839,32.525078
m376.ply,body_part,-6.5207176,4.326079
m377.ply,body_part,-26.20656,16.530338
m363.ply,body_part,-27.647255,16.503902
m349.ply,body_part,-29.094505,33.528507
m375.ply,body_part,-30.530998,6.3957114
m361.ply,body_part,-25.169102,22.645746
m360.ply,body_part,-24.148375,21.721645
m374.ply,body_part,-36.457676,9.390519
m348.ply,body_part,-25.139153,14.197883
m313.ply,body_part,21.086823,0.96049213
m307.ply,body_part,-34.52183,13.685364
m298.ply,body_part,-9.157689,3.4326615
m299.ply,body_part,18.51421,36.2534
m306.ply,body_part,15.990229,28.12587
m312.ply,body_part,-3.6297243,-8.353283
m304.ply,body_part,19.378227,16.215534
m310.ply,body_part,-5.898821,-9.718591
m338.ply,body_part,-10.578295,-11.390552
m339.ply,body_part,-12.082454,-37.721428
m311.ply,body_part,-7.7020807,-11.356716
m305.ply,body_part,-19.477016,-1.1948426
m329.ply,body_part,-15.645729,0.87479466
m301.ply,body_part,10.179523,-2.4859984
m315.ply,body_part,18.962618,36.70648
m314.ply,body_part,13.095439,47.712456
m300.ply,body_part,-5.375381,4.4501405
m328.ply,body_part,-17.622435,0.38640845
m316.ply,body_part,22.008097,33.505344
m302.ply,body_part,21.925812,16.184422
m289.ply,body_part,-20.92621,34.251717
m288.ply,body_part,-26.65023,19.383745
m303.ply,body_part,-4.046528,4.893289
m317.ply,body_part,-11.824691,8.500746
m1733.ply,staircase,-1.3846891,-9.856977
m1736.ply,staircase,9.306251,43.42537
m1737.ply,staircase,-33.10884,19.33028
m1735.ply,staircase,20.575245,25.43909
m1734.ply,staircase,-19.918333,-46.348034
m1739.ply,staircase,14.54459,-2.5703738
m1738.ply,staircase,-31.746492,28.65168
m579.ply,microchip,-1.9026376,12.765918
m578.ply,microchip,-8.452911,20.203836
m576.ply,microchip,-23.060255,-2.6108375
m577.ply,microchip,-14.871902,-3.2853367
m575.ply,microchip,-15.217747,-3.5264409
m574.ply,microchip,14.738085,21.181993
m573.ply,microchip,-42.464127,12.318843
m1793.ply,swingset,26.242865,-16.477072
m1796.ply,swingset,24.284111,33.950333
m1795.ply,swingset,22.270475,36.338318
m1794.ply,swingset,14.364936,47.84413
m557.ply,display_device,-12.193581,9.204822
m556.ply,display_device,-12.015287,24.421799
m554.ply,display_device,-20.875437,36.549126
m568.ply,display_device,-9.348172,29.73005
m569.ply,display_device,-13.39186,15.980015
m555.ply,display_device,-23.1389,26.970362
m551.ply,display_device,-20.065296,28.618801
m550.ply,display_device,-23.934134,39.156807
m552.ply,display_device,-4.694338,41.901806
m553.ply,display_device,-7.425411,44.92398
m562.ply,display_device,-20.836546,39.022
m563.ply,display_device,1.0406423,35.334324
m561.ply,display_device,-10.689789,31.45454
m549.ply,display_device,-20.157087,29.570461
m548.ply,display_device,-8.1189375,28.471539
m560.ply,display_device,-10.597821,46.99182
m558.ply,display_device,-23.917767,42.832256
m570.ply,display_device,-21.09941,37.3479
m564.ply,display_device,-20.179165,38.618473
m565.ply,display_device,-10.42848,33.275944
m571.ply,display_device,-7.236074,44.51044
m559.ply,display_device,-11.25449,34.450733
m567.ply,display_device,-8.591056,32.941498
m572.ply,display_device,20.452257,18.379267
m566.ply,display_device,-25.102083,25.846706
m1618.ply,skateboard,2.7724483,-21.06154
m1619.ply,skateboard,-1.009343,-20.60884
m1615.ply,skateboard,2.296613,-20.76422
m1617.ply,skateboard,-9.901171,-38.82155
m1616.ply,skateboard,-20.479828,-12.260638
m681.ply,gun,-13.291413,-43.302902
m656.ply,gun,-0.9304489,0.15016885
m657.ply,gun,-20.79619,7.1564603
m680.ply,gun,-19.921349,-63.40302
m682.ply,gun,-15.709676,-47.124603
m655.ply,gun,-16.355543,-45.691082
m669.ply,gun,-12.218334,-46.632607
m668.ply,gun,-16.093006,-50.09311
m654.ply,gun,-43.13915,11.517642
m683.ply,gun,-12.057355,-40.983517
m678.ply,gun,-19.015474,-56.623974
m650.ply,gun,-23.767817,-14.955234
m651.ply,gun,-22.242323,-3.8566139
m679.ply,gun,-19.535507,-58.023434
m686.ply,gun,-22.480133,-31.458166
m684.ply,gun,11.676904,-38.67561
m653.ply,gun,-13.835473,-33.5351
m652.ply,gun,-16.124895,7.866348
m685.ply,gun,-23.936213,-18.347052
m677.ply,gun,-18.660927,-50.877613
m663.ply,gun,-44.292217,11.094291
m662.ply,gun,-19.627213,9.399592
m676.ply,gun,-4.70091,-31.718348
m660.ply,gun,58.429512,-0.76118445
m674.ply,gun,-17.860023,-49.042816
m648.ply,gun,-6.601352,-18.870026
m649.ply,gun,-18.58655,-13.464711
m675.ply,gun,-17.464245,-52.67148
m661.ply,gun,-27.152992,-14.332126
m659.ply,gun,-10.537837,-37.9183
m665.ply,gun,19.517458,18.856031
m671.ply,gun,-21.107882,-62.009808
m670.ply,gun,-17.803509,-54.464966
m664.ply,gun,-23.499804,-15.038451
m658.ply,gun,-19.579897,12.175942
m672.ply,gun,-17.593246,-47.108475
m666.ply,gun,-1.8359916,-0.7750761
m667.ply,gun,-10.774912,-37.50655
m673.ply,gun,-18.85415,-16.886757
m1790.ply,book,-22.999256,41.406704
m1791.ply,book,-25.828436,40.70075
m1792.ply,book,-38.93122,28.476927
m1789.ply,book,17.136711,35.34003
m1753.ply,umbrella,41.39387,-4.8442073
m1752.ply,umbrella,10.030101,-1.4623182
m1750.ply,umbrella,41.57933,-10.152872
m1751.ply,umbrella,21.05047,-15.9950485
m1748.ply,umbrella,8.4268465,2.9279735
m1749.ply,umbrella,56.999214,0.44132957
m130.ply,animal,-18.623726,-24.932613
m124.ply,animal,-13.525203,-24.1681
m118.ply,animal,-18.397013,-25.789824
m66.ply,animal,-3.1864948,-1.2851522
m72.ply,animal,-6.69333,-26.683975
m99.ply,animal,-23.434137,3.5104322
m246.ply,animal,5.341679,-32.108486
m252.ply,animal,-3.0011108,-11.1531
m253.ply,animal,3.8329923,-17.098057
m98.ply,animal,-9.609078,-11.862004
m247.ply,animal,57.96442,-1.1666259
m73.ply,animal,-5.07229,-9.5873
m67.ply,animal,-13.186111,-27.017204
m119.ply,animal,-13.403695,-23.57147
m125.ply,animal,-7.4187856,-24.335114
m131.ply,animal,-16.633747,-25.190334
m127.ply,animal,-28.42245,-14.131206
m133.ply,animal,-42.70954,9.033562
m59.ply,animal,7.68393,14.866719
m71.ply,animal,-7.597744,-22.900719
m65.ply,animal,24.356762,6.1303067
m251.ply,animal,5.311155,-29.050568
m245.ply,animal,2.2469864,-25.248268
m279.ply,animal,12.097807,-20.334612
m278.ply,animal,-6.6754456,11.033223
m244.ply,animal,1.7542801,-24.646557
m250.ply,animal,3.5804636,-27.907164
m64.ply,animal,-13.157512,-27.89169
m70.ply,animal,-0.5672153,-29.024927
m58.ply,animal,-16.68282,-2.935129
m132.ply,animal,-16.078503,-22.975721
m126.ply,animal,-19.664547,-28.046345
m122.ply,animal,-6.711228,-25.253155
m136.ply,animal,-28.618832,-12.788425
m74.ply,animal,1.3687708,-31.109009
m60.ply,animal,-3.354956,-22.892712
m48.ply,animal,-18.95376,-1.9733367
m268.ply,animal,26.149267,-34.79162
m254.ply,animal,4.2523794,-32.89627
m240.ply,animal,-0.718196,-18.594395
m241.ply,animal,1.7239311,-23.720217
m255.ply,animal,3.2299595,-19.677496
m269.ply,animal,10.814638,-16.225855
m282.ply,animal,20.426424,22.233145
m49.ply,animal,-26.363842,15.270231
m61.ply,animal,-19.736433,-21.904427
m75.ply,animal,24.418198,-26.19665
m137.ply,animal,-2.8498843,-24.815575
m123.ply,animal,-12.091876,-24.904222
m109.ply,animal,-20.383272,31.309582
m135.ply,animal,-16.72424,-22.550095
m121.ply,animal,-18.166538,-27.721119
m63.ply,animal,-13.617237,0.35350716
m77.ply,animal,23.808968,-25.678587
m280.ply,animal,19.212357,1.9578842
m243.ply,animal,2.1240685,-25.20707
m88.ply,animal,21.954847,21.012848
m257.ply,animal,12.567386,-7.803504
m89.ply,animal,-3.1422586,-10.653485
m256.ply,animal,27.910374,19.045998
m242.ply,animal,3.3431568,-16.64738
m281.ply,animal,-16.700037,-1.4799551
m76.ply,animal,-4.70114,-23.926237
m62.ply,animal,-15.306675,-38.28038
m120.ply,animal,-17.366667,-24.508495
m134.ply,animal,-19.556273,-25.63473
m108.ply,animal,-8.75614,-11.277597
m190.ply,animal,-21.011488,11.084228
m184.ply,animal,-17.786285,-26.16661
m153.ply,animal,-27.169416,-13.916847
m147.ply,animal,-23.680372,-17.932976
m39.ply,animal,18.043222,-22.519432
m11.ply,animal,-8.835249,-47.42407
m225.ply,animal,25.385439,1.1920611
m231.ply,animal,12.576295,12.799002
m219.ply,animal,-32.958744,28.918509
m6.ply,animal,13.781441,42.099506
m7.ply,animal,5.072327,-4.8671284
m218.ply,animal,24.222025,-20.396763
m230.ply,animal,5.5953965,-27.759388
m224.ply,animal,6.3978105,-25.454634
m10.ply,animal,21.647377,33.669277
m38.ply,animal,21.629004,-36.697105
m146.ply,animal,-3.0532787,-20.96075
m152.ply,animal,-24.514973,-15.330671
m185.ply,animal,-12.984684,-23.40829
m191.ply,animal,-37.155773,17.18855
m187.ply,animal,4.368655,-1.178431
m193.ply,animal,18.347212,2.4297297
m144.ply,animal,-21.260641,-18.43541
m150.ply,animal,-15.331057,-20.495237
m178.ply,animal,-17.59938,-22.02331
m12.ply,animal,20.732883,-17.179264
m232.ply,animal,13.837477,-9.734339
m226.ply,animal,-2.496845,-12.036005
m5.ply,animal,21.78269,22.732365
m4.ply,animal,28.389906,-24.024513
m227.ply,animal,-0.78095895,16.522121
m233.ply,animal,17.947985,9.496554
m13.ply,animal,21.41281,-30.299282
m179.ply,animal,-20.730116,-19.314846
m151.ply,animal,-21.74451,-18.822477
m145.ply,animal,0.44209296,-24.863613
m192.ply,animal,-12.812885,-24.04466
m186.ply,animal,-15.937336,-24.349648
m182.ply,animal,-19.290003,-25.020708
m196.ply,animal,-24.119814,-16.544622
m169.ply,animal,-19.046705,-26.05573
m141.ply,animal,-5.176823,-24.862013
m155.ply,animal,-15.990279,-19.327896
m17.ply,animal,27.28478,-17.083662
m237.ply,animal,5.310187,-34.501923
m223.ply,animal,4.5450954,-27.616943
m0.ply,animal,25.375986,4.848237
m1.ply,animal,-4.6625204,-21.75373
m222.ply,animal,22.948284,1.4936438
m236.ply,animal,3.3503263,-18.619295
m16.ply,animal,27.916872,19.1726
m154.ply,animal,-24.467749,-16.462498
m140.ply,animal,-15.849915,-21.060177
m168.ply,animal,-16.981232,-21.414543
m197.ply,animal,-15.597336,-28.153301
m183.ply,animal,-15.093003,14.937223
m195.ply,animal,-2.2698283,-24.691992
m181.ply,animal,-18.40082,-16.404455
m156.ply,animal,-13.356262,-24.902058
m142.ply,animal,-14.032984,-19.426315
m14.ply,animal,27.208134,16.705032
m28.ply,animal,-11.333393,-9.084088
m208.ply,animal,-14.05661,-28.523106
m220.ply,animal,-0.5632036,-19.809359
m234.ply,animal,4.086353,-28.053663
m3.ply,animal,26.485395,9.2722845
m2.ply,animal,25.082273,4.918581
m235.ply,animal,13.746424,-10.646921
m221.ply,animal,4.2735724,-27.030054
m209.ply,animal,-42.01482,24.981783
m29.ply,animal,-6.5631614,-23.226679
m15.ply,animal,-8.809452,-47.413666
m143.ply,animal,-22.696104,-18.506725
m157.ply,animal,-18.058578,-16.832827
m180.ply,animal,-40.57276,22.755154
m194.ply,animal,-15.274873,-20.276072
m199.ply,animal,-21.692554,-17.357521
m172.ply,animal,-14.376064,-33.57271
m166.ply,animal,9.118456,-19.198755
m18.ply,animal,25.554087,-14.863189
m24.ply,animal,15.040205,-0.52145296
m30.ply,animal,21.743822,3.4997032
m204.ply,animal,-2.7810178,-14.950278
m210.ply,animal,12.859506,-1.8399771
m238.ply,animal,3.3320138,-26.881104
m239.ply,animal,4.0628333,-29.009663
m211.ply,animal,-21.105667,-20.7501
m205.ply,animal,-18.118746,-14.636674
m31.ply,animal,-23.6616,4.385403
m25.ply,animal,21.750261,37.989403
m19.ply,animal,15.282437,-11.243594
m167.ply,animal,-17.545853,-0.512182
m173.ply,animal,-19.167673,-24.318577
m198.ply,animal,45.6045,-4.5140796
m165.ply,animal,8.732258,-19.255457
m171.ply,animal,6.3403344,-26.00505
m159.ply,animal,-18.73329,-26.641048
m33.ply,animal,13.258183,40.67959
m27.ply,animal,-8.216033,22.835852
m213.ply,animal,-14.469645,-32.03984
m207.ply,animal,-15.540865,-17.147455
m206.ply,animal,-11.229672,-23.30222
m212.ply,animal,-14.074597,-21.397326
m26.ply,animal,24.24475,-7.5647383
m32.ply,animal,-6.7167773,-8.393516
m158.ply,animal,-34.019855,6.990271
m170.ply,animal,-17.850367,-25.294537
m164.ply,animal,-22.998251,-17.405973
m148.ply,animal,-2.7309704,-25.227219
m160.ply,animal,-2.1457267,-20.384657
m174.ply,animal,-18.285807,-15.145305
m36.ply,animal,12.741099,14.57798
m22.ply,animal,16.6987,-0.2781569
m216.ply,animal,-16.389423,5.9168463
m202.ply,animal,-20.124954,-24.804495
m9.ply,animal,20.442095,-16.920467
m8.ply,animal,12.993921,45.333767
m203.ply,animal,-6.422306,-27.60662
m217.ply,animal,-42.340736,9.447897
m23.ply,animal,23.892897,4.5701294
m37.ply,animal,19.414762,-15.991267
m175.ply,animal,-12.350429,-20.437931
m161.ply,animal,-25.249393,-15.868779
m149.ply,animal,-22.134684,-19.649263
m188.ply,animal,-20.522095,-14.028261
m177.ply,animal,-30.92101,3.117323
m163.ply,animal,-23.865036,-19.169825
m21.ply,animal,15.42606,43.92706
m35.ply,animal,-2.7124803,6.14251
m229.ply,animal,6.683432,-26.404945
m201.ply,animal,-8.325942,-6.077916
m215.ply,animal,-16.515095,-39.995556
m214.ply,animal,-9.9403715,-37.91979
m200.ply,animal,1.454202,-19.80326
m228.ply,animal,48.81063,-1.3870813
m34.ply,animal,22.891806,-29.939411
m20.ply,animal,24.57387,-7.300544
m162.ply,animal,-19.609089,-17.169613
m176.ply,animal,-18.1104,-17.720755
m189.ply,animal,-15.243935,-30.270922
m111.ply,animal,-17.79979,-0.905597
m105.ply,animal,-9.08703,-10.731078
m139.ply,animal,-16.536499,6.1017003
m47.ply,animal,21.29189,-35.701595
m53.ply,animal,-14.089525,-29.514713
m267.ply,animal,22.23802,20.436872
m273.ply,animal,28.22564,-27.100874
m84.ply,animal,-23.207306,-62.197483
m90.ply,animal,-14.765456,0.6131525
m91.ply,animal,20.802986,-2.4655561
m85.ply,animal,22.872244,-6.434451
m272.ply,animal,26.302467,-26.453299
m266.ply,animal,23.735237,22.94187
m52.ply,animal,-3.8372476,15.590564
m46.ply,animal,22.999702,-31.523617
m138.ply,animal,-7.9354568,-24.651005
m104.ply,animal,-8.408119,-8.287995
m110.ply,animal,-23.503881,11.892798
m106.ply,animal,23.564562,19.967388
m112.ply,animal,-20.038877,4.5546474
m78.ply,animal,23.441944,-25.298372
m50.ply,animal,-21.976713,0.33586672
m44.ply,animal,21.904287,-30.663113
m270.ply,animal,23.10874,13.097746
m264.ply,animal,-4.5754347,-23.221472
m93.ply,animal,-15.960354,6.6453295
m258.ply,animal,5.028917,-34.059372
m87.ply,animal,21.95224,1.0927317
m259.ply,animal,12.907439,-8.68412
m86.ply,animal,20.227875,38.304707
m92.ply,animal,-4.582031,-9.659297
m265.ply,animal,23.249123,-24.774736
m271.ply,animal,28.42131,-26.64038
m45.ply,animal,22.188278,-29.77343
m51.ply,animal,-23.488976,2.531297
m79.ply,animal,-1.9427831,-31.513107
m107.ply,animal,20.634464,1.6852542
m103.ply,animal,-3.0342305,-20.638292
m55.ply,animal,-11.764268,-26.503073
m41.ply,animal,19.459091,-36.421307
m69.ply,animal,-8.05874,-26.641129
m249.ply,animal,-1.7754884,-11.715016
m96.ply,animal,-9.239809,-11.824207
m82.ply,animal,27.82658,10.837162
m275.ply,animal,-5.211302,-26.66479
m261.ply,animal,-6.060539,-24.787617
m260.ply,animal,-2.536047,-15.12964
m274.ply,animal,-5.4735293,-22.083384
m83.ply,animal,10.369444,0.55775875
m248.ply,animal,11.439196,-27.441032
m97.ply,animal,-8.374035,-11.931686
m68.ply,animal,-5.3959227,-29.464546
m40.ply,animal,22.240372,-32.024456
m54.ply,animal,-14.372476,-23.510805
m102.ply,animal,-31.306719,5.900118
m128.ply,animal,-12.795274,-25.666883
m100.ply,animal,-18.695742,0.6523117
m42.ply,animal,22.325266,-34.405033
m56.ply,animal,-13.666555,-29.166801
m81.ply,animal,0.9553076,-31.398464
m95.ply,animal,-9.958424,-12.662888
m262.ply,animal,-6.3317094,-25.42379
m276.ply,animal,25.557,-36.10038
m277.ply,animal,-17.999071,-1.5055823
m263.ply,animal,-4.6925836,-22.58158
m94.ply,animal,22.45132,2.7536824
m80.ply,animal,21.912653,-27.411606
m57.ply,animal,-14.331482,-30.797947
m43.ply,animal,26.010563,-31.624254
m101.ply,animal,-33.581085,21.562965
m129.ply,animal,-33.665558,19.206944
m1592.ply,chess,4.8298,53.463886
m1593.ply,chess,6.069642,52.277752
m1591.ply,chess,4.5942645,52.29789
m1590.ply,chess,10.254954,43.98454
m1609.ply,chess,-20.878208,4.020661
m1594.ply,chess,53.60263,2.5767124
m1595.ply,chess,3.7689552,8.706273
m1608.ply,chess,10.820036,31.655334
m1597.ply,chess,7.8762937,49.93837
m1596.ply,chess,6.4874783,33.023643
m1606.ply,chess,-11.484936,10.52873
m1612.ply,chess,-20.127829,-2.5939403
m1613.ply,chess,-20.295895,-2.4557886
m1607.ply,chess,-21.076065,4.28578
m1611.ply,chess,-21.562515,4.0747366
m1605.ply,chess,21.196192,9.202871
m1598.ply,chess,-12.219756,-6.2473893
m1599.ply,chess,-12.0306,-6.741987
m1604.ply,chess,-23.594961,-0.2991212
m1610.ply,chess,-12.590469,11.491009
m1614.ply,chess,-21.73912,-1.0384353
m1600.ply,chess,-21.272028,-1.333869
m1589.ply,chess,8.1065445,51.93157
m1601.ply,chess,-11.351803,10.28846
m1603.ply,chess,-20.994202,-2.5220633
m1602.ply,chess,-19.812801,-3.1481352
m1704.ply,chest,-6.4104505,45.82572
m1699.ply,chest,-25.45171,38.41618
m1698.ply,chest,-23.915869,42.106487
m1703.ply,chest,3.1963105,51.931484
m1702.ply,chest,-19.361643,28.930355
m1700.ply,chest,-24.510622,38.63587
m1701.ply,chest,-26.745214,40.49649
m600.ply,watch,5.1727095,18.923851
m601.ply,watch,7.42514,50.68477
m602.ply,watch,21.000013,10.995096
m598.ply,watch,-29.826237,15.724616
m599.ply,watch,8.5504265,5.6525445
m580.ply,eyeglasses,13.12569,49.13935
m581.ply,eyeglasses,-9.077573,-8.090933
m583.ply,eyeglasses,25.2048,-19.698368
m582.ply,eyeglasses,20.248276,35.177174
m586.ply,eyeglasses,23.691769,34.729015
m585.ply,eyeglasses,13.720124,48.25794
m584.ply,eyeglasses,12.252298,49.6867
m1641.ply,hat,5.0407186,12.34865
m1640.ply,hat,45.111317,-2.0371878
m1627.ply,hat,-1.1158038,6.577471
m1633.ply,hat,16.6054,26.835615
m1632.ply,hat,3.056064,20.685612
m1626.ply,hat,6.8112445,3.5077558
m1630.ply,hat,0.07439634,9.127764
m1631.ply,hat,0.009768722,10.208582
m1635.ply,hat,0.5421937,19.10401
m1634.ply,hat,-12.199731,33.585846
m1636.ply,hat,3.8013268,18.999062
m1637.ply,hat,2.4754763,23.717144
m1639.ply,hat,3.3346014,17.845488
m1638.ply,hat,1.5092914,10.676709
m1628.ply,hat,-31.799055,21.95507
m1629.ply,hat,4.855322,11.870768
m497.ply,household,18.692514,17.797325
m483.ply,household,-40.772926,10.825775
m508.ply,household,2.3655136,18.062672
m509.ply,household,-2.390078,34.31743
m482.ply,household,-39.972843,11.778573
m496.ply,household,11.115992,33.13801
m494.ply,household,25.745325,-4.543621
m495.ply,household,14.932577,37.640244
m485.ply,household,-40.300262,11.807196
m491.ply,household,-34.229897,14.469162
m490.ply,household,-38.912033,19.456467
m484.ply,household,-40.697636,11.594197
m492.ply,household,-39.17797,8.131463
m486.ply,household,-42.304752,22.138763
m487.ply,household,-42.1005,27.683329
m493.ply,household,-27.810497,34.04607
m501.ply,household,9.272213,40.463627
m500.ply,household,4.478601,43.98208
m489.ply,household,-34.887028,20.300392
m502.ply,household,10.511044,34.16558
m503.ply,household,0.69607365,19.986908
m488.ply,household,-40.50551,17.728485
m498.ply,household,11.610235,44.092117
m513.ply,household,2.2285028,25.099047
m507.ply,household,-2.1690705,33.45889
m506.ply,household,4.384412,20.77345
m512.ply,household,3.323999,20.148958
m499.ply,household,18.532223,33.424614
m504.ply,household,-6.100054,29.82022
m510.ply,household,0.3084952,-7.9894695
m511.ply,household,-28.0589,36.417397
m505.ply,household,2.5912192,22.171316
m1687.ply,geographic_map,-41.676765,11.285013
m1692.ply,geographic_map,-21.131987,-66.98986
m1686.ply,geographic_map,-22.281685,-59.281654
m1690.ply,geographic_map,-29.625322,-10.968709
m1691.ply,geographic_map,-24.320686,-63.457336
m1695.ply,geographic_map,-23.632751,-62.15166
m1694.ply,geographic_map,-43.115555,12.2119055
m1696.ply,geographic_map,-19.333704,-65.275925
m1697.ply,geographic_map,-43.14069,12.564369
m1688.ply,geographic_map,-19.844643,-45.50218
m1689.ply,geographic_map,-37.66626,14.020539
m1803.ply,slot_machine,-17.100813,23.599653
m1806.ply,slot_machine,-13.67295,11.426017
m1805.ply,slot_machine,3.164898,40.174217
m1804.ply,slot_machine,-17.064266,27.508701
m1778.ply,computer,5.178018,40.077564
m1769.ply,computer,-21.449638,37.535667
m1768.ply,computer,-6.4935575,31.211641
m1772.ply,computer,-3.4767878,43.492714
m1766.ply,computer,16.49355,28.50593
m1767.ply,computer,8.32535,48.20465
m1773.ply,computer,-1.2649143,11.105037
m1765.ply,computer,-24.815592,28.041609
m1771.ply,computer,-3.2716105,17.89576
m1770.ply,computer,-3.9385884,30.737564
m1764.ply,computer,5.4109173,52.04026
m1774.ply,computer,-9.89303,34.507626
m1775.ply,computer,0.52635735,13.229425
m1777.ply,computer,1.1460078,14.626197
m1776.ply,computer,11.165086,23.176155
m1678.ply,sign,-21.187628,-68.058136
m1679.ply,sign,-22.020233,-31.239613
m1684.ply,sign,-16.423138,-44.43012
m1685.ply,sign,13.187062,38.463207
m1681.ply,sign,-21.877731,-63.99093
m1680.ply,sign,-21.838734,-63.327995
m1682.ply,sign,8.586547,46.488483
m1683.ply,sign,9.261196,49.398586
m1671.ply,sign,-17.600113,-56.65409
m1670.ply,sign,-21.884825,-64.412865
m1672.ply,sign,-14.309776,-53.851894
m1673.ply,sign,-21.193554,-64.72434
m1677.ply,sign,-16.19823,-54.75057
m1676.ply,sign,-8.368961,-49.009094
m1674.ply,sign,-19.18041,-55.560417
m1675.ply,sign,-21.171524,-67.88316
m587.ply,microscope,2.5910008,6.3738947
m591.ply,microscope,0.42539954,-11.736362
m590.ply,microscope,-15.888551,-16.614105
m589.ply,microscope,0.2489386,16.34109
m588.ply,microscope,5.7073007,22.307558
m1109.ply,tool,-14.680687,-26.144804
m1108.ply,tool,-19.379257,-56.081223
m1103.ply,tool,-18.91223,-54.493473
m1117.ply,tool,-16.700277,-49.888557
m1116.ply,tool,-17.490538,-49.93254
m1102.ply,tool,-20.413568,-64.848076
m1114.ply,tool,-21.897675,-30.569496
m1100.ply,tool,6.170777,-38.92042
m1101.ply,tool,-20.836931,-63.72006
m1115.ply,tool,-22.179678,-29.78606
m1111.ply,tool,-9.712742,-39.621796
m1105.ply,tool,-17.503725,-51.82096
m1104.ply,tool,-21.415276,-63.616886
m1110.ply,tool,-20.858541,-26.189722
m1106.ply,tool,-19.453268,-56.934914
m1112.ply,tool,-14.1724,-41.587914
m1099.ply,tool,-18.272352,-56.664852
m1113.ply,tool,-22.21132,-29.513117
m1107.ply,tool,-16.033373,-47.630196
m454.ply,building,-18.548052,1.8962479
m440.ply,building,2.6367185,13.039376
m468.ply,building,-1.5483233,-15.486031
m469.ply,building,9.409775,-3.1891868
m441.ply,building,-4.104336,42.737003
m455.ply,building,-24.818296,8.015493
m480.ply,building,-4.962111,-21.192207
m443.ply,building,-24.158234,27.216057
m457.ply,building,-24.159409,27.217703
m456.ply,building,-16.136038,-0.7201518
m442.ply,building,2.2792828,25.535141
m481.ply,building,53.642742,2.4859347
m446.ply,building,12.333828,-6.6371255
m452.ply,building,-8.123027,46.469894
m453.ply,building,-7.738771,45.960136
m447.ply,building,-2.9464424,29.846611
m479.ply,building,-7.462386,-8.862546
m451.ply,building,3.7406325,25.393297
m445.ply,building,4.1461782,12.957379
m444.ply,building,0.729714,25.113733
m450.ply,building,-36.0797,19.694183
m478.ply,building,46.740654,-5.42431
m392.ply,building,-22.71321,34.444965
m386.ply,building,6.9612055,47.477833
m437.ply,building,-8.001981,48.404625
m423.ply,building,-38.775654,14.599133
m422.ply,building,7.0026646,53.483356
m436.ply,building,-29.639408,5.1169434
m387.ply,building,56.216347,2.0221703
m393.ply,building,-3.1992226,32.64896
m385.ply,building,4.305767,16.856586
m391.ply,building,-14.115346,1.143824
m420.ply,building,-4.5510697,43.6451
m434.ply,building,-13.015163,15.442916
m408.ply,building,-25.194105,39.09896
m409.ply,building,-11.275803,-11.8094015
m435.ply,building,-1.6213762,13.705473
m421.ply,building,-3.8482685,41.52324
m390.ply,building,-12.602842,10.776715
m384.ply,building,13.461083,42.025623
m394.ply,building,-2.4552474,40.004837
m419.ply,building,-0.11308028,33.82357
m425.ply,building,-21.26945,13.763509
m431.ply,building,-20.42859,8.036875
m430.ply,building,-4.8393373,44.728127
m424.ply,building,-18.925732,12.4222145
m418.ply,building,-4.695088,47.548935
m395.ply,building,-3.3256378,43.033253
m397.ply,building,-2.509033,40.790752
m383.ply,building,-3.2845166,31.137226
m432.ply,building,6.457018,1.4022311
m426.ply,building,4.8656464,-15.341453
m427.ply,building,-7.3241005,32.620697
m433.ply,building,57.263493,2.2636368
m382.ply,building,2.259641,17.486813
m396.ply,building,4.8078117,36.776752
m416.ply,building,-9.671276,46.21795
m402.ply,building,-9.580459,40.3815
m403.ply,building,-9.288847,35.93018
m417.ply,building,5.5594025,5.9942694
m398.ply,building,-26.017488,32.614227
m401.ply,building,44.794823,-2.5537887
m415.ply,building,-7.879903,34.20246
m429.ply,building,-6.4586525,46.771404
m428.ply,building,8.273057,27.437984
m414.ply,building,3.3354323,51.465244
m400.ply,building,-3.8533623,46.5818
m399.ply,building,0.2051279,42.491413
m389.ply,building,-5.7061696,43.669716
m438.ply,building,-31.67549,30.672632
m404.ply,building,-13.995852,25.997103
m410.ply,building,-4.783473,44.39826
m411.ply,building,0.5872555,42.982777
m405.ply,building,-9.166672,47.809772
m439.ply,building,41.428284,-7.2156277
m388.ply,building,6.879173,41.129543
m413.ply,building,-9.783474,48.075523
m407.ply,building,-0.26695323,8.177948
m406.ply,building,-9.148512,40.738445
m412.ply,building,46.362965,-5.17485
m475.ply,building,40.038124,-7.802135
m461.ply,building,-3.0621972,36.138023
m449.ply,building,-30.993996,18.121338
m448.ply,building,-8.265881,46.227295
m460.ply,building,-5.2562194,46.246872
m474.ply,building,8.638049,51.82358
m462.ply,building,-24.159588,27.932236
m476.ply,building,12.712592,1.2870136
m477.ply,building,26.102205,15.492075
m463.ply,building,-9.110643,45.06032
m467.ply,building,-2.1583877,-24.434439
m473.ply,building,0.69982177,6.445215
m472.ply,building,-12.8772135,-5.2784824
m466.ply,building,-8.152002,47.518326
m458.ply,building,1.0695736,25.46447
m470.ply,building,20.614586,38.69995
m464.ply,building,-29.458603,34.54445
m465.ply,building,-40.187763,26.461319
m471.ply,building,-28.895428,-11.28939
m459.ply,building,-23.944872,33.92299
m1718.ply,door,-7.91072,13.3266115
m1730.ply,door,7.256475,25.055351
m1724.ply,door,-9.879209,16.956232
m1725.ply,door,-12.988967,-49.509792
m1731.ply,door,19.004848,40.379856
m1719.ply,door,-8.944181,12.069304
m1727.ply,door,-0.15144543,0.96698266
m1732.ply,door,6.6437936,33.11615
m1726.ply,door,9.572302,51.91075
m1722.ply,door,16.338007,21.663408
m1723.ply,door,-9.861021,16.973757
m1721.ply,door,22.284546,19.162289
m1709.ply,door,-23.08031,-65.1288
m1708.ply,door,-24.93834,-62.44805
m1720.ply,door,-9.0193205,13.833323
m1711.ply,door,-19.961092,-46.091175
m1705.ply,door,-10.866203,-53.1407
m1710.ply,door,25.1423,28.692095
m1706.ply,door,59.123,-1.7839754
m1712.ply,door,-17.033758,8.78029
m1713.ply,door,-23.871374,-64.25626
m1707.ply,door,24.339447,32.345448
m1717.ply,door,-10.188075,-52.33825
m1716.ply,door,-8.255694,13.454948
m1714.ply,door,-22.765394,-60.984467
m1728.ply,door,10.213846,52.184273
m1729.ply,door,7.2554,25.056767
m1715.ply,door,-36.255558,20.278038
