mesh_name,category,n_vertices,n_faces,d_centroid_origin
m1308.ply,vehicle,1745,3500,6.016568826629327e-09
m1446.ply,vehicle,2057,3499,2.4900654555690113e-09
m1320.ply,vehicle,1972,3497,2.129288002918873e-08
m1334.ply,vehicle,1035,2096,6.357783892294543e-09
m1452.ply,vehicle,1818,3499,4.3151889504629e-09
m1485.ply,vehicle,1718,3500,2.9055296033491934e-09
m1491.ply,vehicle,1540,3499,1.885480555332073e-09
m1122.ply,vehicle,2161,3500,8.424776383296918e-09
m1136.ply,vehicle,1871,3500,5.6838270921809e-09
m1268.ply,vehicle,1918,3500,1.414007944424669e-09
m1532.ply,vehicle,1305,2144,2.7074910891695713e-09
m1254.ply,vehicle,1944,3500,3.2726290898577485e-09
m1240.ply,vehicle,1736,3500,3.0568438240663136e-09
m1526.ply,vehicle,1184,2240,2.740094931029373e-09
m1297.ply,vehicle,1972,3500,1.2580936733436179e-08
m1283.ply,vehicle,2031,3499,6.394699825477351e-09
m1282.ply,vehicle,1344,2432,1.781241784468274e-09
m1296.ply,vehicle,1911,3499,5.503376288564697e-09
m737.ply,vehicle,1966,3500,2.4034996794050107e-09
m1241.ply,vehicle,1672,2880,2.2492902884024872e-09
m1527.ply,vehicle,1795,3499,5.14878455287688e-10
m1533.ply,vehicle,1811,3500,1.4770733004318815e-09
m1255.ply,vehicle,1713,3499,2.4811357097817543e-09
m1269.ply,vehicle,2097,3499,7.429812428862241e-09
m1137.ply,vehicle,1336,2096,2.0010896215639836e-09
m1123.ply,vehicle,1015,1756,5.335335877742044e-09
m1490.ply,vehicle,1816,3499,3.0683134666606066e-09
m1484.ply,vehicle,1543,2880,5.890012423352905e-10
m1335.ply,vehicle,1220,2504,2.94334225951479e-09
m1453.ply,vehicle,1784,3500,1.7302240981097657e-09
m1447.ply,vehicle,1847,3500,4.356021808043753e-09
m1321.ply,vehicle,1899,3499,5.616715456976968e-09
m1309.ply,vehicle,2046,3460,5.0595931885331696e-09
m1479.ply,vehicle,2205,3499,2.2207507403956457e-09
m1451.ply,vehicle,1786,3500,2.855731700091622e-09
m1337.ply,vehicle,1871,3500,1.2738248211874145e-09
m1323.ply,vehicle,1753,3499,6.558106277599578e-09
m1445.ply,vehicle,1756,3499,4.493298228454411e-09
m1492.ply,vehicle,2195,3500,2.4054000825426758e-09
m1486.ply,vehicle,1786,3499,7.952157983226448e-09
m1135.ply,vehicle,2006,3499,6.9884594035723e-10
m1121.ply,vehicle,1062,1913,1.3117637743875207e-09
m1519.ply,vehicle,1791,3499,5.008318505024628e-10
m1525.ply,vehicle,1532,3500,1.1680418637643052e-09
m1243.ply,vehicle,1140,2384,7.022704788824938e-10
m1257.ply,vehicle,1880,3499,4.591067561194568e-10
m1531.ply,vehicle,1887,3500,1.2873666000862617e-09
m1280.ply,vehicle,2017,3499,2.2741737156075446e-09
m1294.ply,vehicle,2043,3499,4.682689460872979e-09
m1295.ply,vehicle,2051,3499,7.920485393839996e-09
m1281.ply,vehicle,1512,2768,2.276911933422725e-09
m1256.ply,vehicle,1882,3500,9.710952437607347e-10
m1530.ply,vehicle,1268,2286,2.973794344069683e-09
m1524.ply,vehicle,1517,3014,1.4298939729504368e-09
m1242.ply,vehicle,1362,2432,2.462172714976022e-09
m1518.ply,vehicle,1811,3499,1.851172792515463e-09
m1120.ply,vehicle,2342,3500,3.2099482494986677e-09
m1134.ply,vehicle,1186,2048,2.963538915284361e-09
m1487.ply,vehicle,1630,3500,2.7133810299711593e-09
m1493.ply,vehicle,2122,3499,2.705650489287152e-09
m1322.ply,vehicle,1790,3500,5.737011027299418e-09
m1444.ply,vehicle,2020,3500,1.8235694265087747e-09
m1450.ply,vehicle,1193,2496,7.66823930220148e-10
m1336.ply,vehicle,1191,2319,8.140732536141523e-09
m1478.ply,vehicle,1986,3500,3.25132194830791e-09
m1332.ply,vehicle,1782,3498,6.68435486717118e-09
m1454.ply,vehicle,1222,2392,4.8288334768073045e-09
m1440.ply,vehicle,2463,3500,1.3276917950624048e-09
m1326.ply,vehicle,1545,2709,6.557401040490806e-09
m1468.ply,vehicle,1608,2736,1.542823021374611e-10
m1497.ply,vehicle,1788,3500,6.859115965169396e-09
m1483.ply,vehicle,1751,3499,1.1772265012998895e-09
m1130.ply,vehicle,1805,3499,1.4218451144821288e-09
m1124.ply,vehicle,1348,2288,8.126515648623753e-10
m1118.ply,vehicle,1943,3499,2.0533487174059577e-09
m1246.ply,vehicle,1464,3136,2.37390762403641e-09
m1520.ply,vehicle,1229,3494,1.9629840142085027e-09
m1534.ply,vehicle,1660,3500,2.2145641362362766e-09
m1252.ply,vehicle,2178,3499,7.526776280912283e-10
m1508.ply,vehicle,1010,3500,5.604169151392373e-09
m1285.ply,vehicle,1911,3500,4.121340813721785e-09
m1291.ply,vehicle,1837,3499,5.060005599767628e-09
m1290.ply,vehicle,2029,3500,3.21722455766988e-09
m1284.ply,vehicle,1633,3499,3.419283258294813e-09
m1509.ply,vehicle,1790,3499,1.1734355443230355e-09
m1535.ply,vehicle,1849,3499,3.801810079898338e-09
m1253.ply,vehicle,1168,1904,1.6294745044846885e-09
m1247.ply,vehicle,1752,3500,4.026419444985586e-09
m1521.ply,vehicle,1198,2320,2.309039663874002e-09
m1119.ply,vehicle,1860,3500,3.154576062773678e-09
m1125.ply,vehicle,1522,2624,3.436509417169117e-09
m1131.ply,vehicle,1730,3072,4.111635468180354e-09
m1482.ply,vehicle,1845,3499,1.7687428140250325e-09
m1496.ply,vehicle,1787,3500,2.223899573396149e-09
m1469.ply,vehicle,1724,3176,1.5397010931651283e-09
m1441.ply,vehicle,2590,3500,6.305788263424657e-10
m1327.ply,vehicle,1890,3499,1.6313404526554066e-08
m1333.ply,vehicle,1710,3500,5.586254293497325e-09
m1455.ply,vehicle,1178,2304,5.988602513678375e-09
m1325.ply,vehicle,1545,2438,1.429383831785401e-09
m1443.ply,vehicle,1804,3499,5.066675752920176e-10
m1457.ply,vehicle,1797,3499,1.5834975360417569e-09
m1331.ply,vehicle,1773,3264,1.8153729251908006e-09
m1319.ply,vehicle,1920,3499,6.348779008540908e-09
m1480.ply,vehicle,2084,3499,4.878549646724012e-09
m1494.ply,vehicle,1429,3499,3.336483798545187e-09
m1127.ply,vehicle,1216,2080,4.462308379595065e-09
m1133.ply,vehicle,1959,3500,2.4450581310193925e-09
m1251.ply,vehicle,1198,2237,3.2644465127215754e-09
m1537.ply,vehicle,972,3500,2.3185416933035447e-09
m1523.ply,vehicle,1760,3500,1.0311909270745602e-09
m1245.ply,vehicle,1752,3500,5.940405840298259e-09
m1279.ply,vehicle,1976,3500,9.429016989823639e-09
m1292.ply,vehicle,1980,3500,1.5036302226394405e-09
m1286.ply,vehicle,1094,1712,3.2784819388350633e-09
m1287.ply,vehicle,1958,3500,3.4258424957160016e-09
m1293.ply,vehicle,1946,3500,1.9033261246249256e-09
m1278.ply,vehicle,1855,3500,6.108044381462315e-09
m1522.ply,vehicle,2020,3499,2.1919558325899668e-09
m1244.ply,vehicle,1570,3500,2.0293481901514963e-09
m1250.ply,vehicle,1798,3500,1.12777433238644e-09
m1536.ply,vehicle,1445,3500,9.878999859817915e-10
m1132.ply,vehicle,2009,3500,5.758097555264111e-09
m1126.ply,vehicle,1938,3500,4.949611809200187e-09
m1495.ply,vehicle,1853,3500,5.307856742117154e-09
m1481.ply,vehicle,1795,3500,3.5890274605155745e-09
m1318.ply,vehicle,1162,2056,1.3494654747891031e-08
m1456.ply,vehicle,1762,3500,2.23409520651001e-09
m1330.ply,vehicle,1159,2312,4.982765063155816e-09
m1324.ply,vehicle,2009,3499,2.4247397871135567e-09
m1442.ply,vehicle,1959,3500,7.527354627518202e-09
m1419.ply,vehicle,1844,3500,8.275458746968776e-10
m1343.ply,vehicle,1756,3500,2.7021314757497335e-09
m1425.ply,vehicle,1835,3500,1.4502042073018317e-09
m1431.ply,vehicle,2085,3499,3.1957788442843713e-09
m1357.ply,vehicle,1052,3500,2.8605476559487253e-09
m1380.ply,vehicle,2216,3499,1.5317356457069307e-09
m1394.ply,vehicle,2137,3499,1.8159117299413749e-09
m1169.ply,vehicle,1198,2237,3.2644465127215754e-09
m1141.ply,vehicle,1859,3500,3.265537319936921e-09
m1155.ply,vehicle,2163,3500,1.543604135892915e-09
m1182.ply,vehicle,1752,3500,2.890665343568574e-09
m1196.ply,vehicle,1837,3216,1.5972737189104293e-09
m1579.ply,vehicle,1876,3500,2.0704887418081735e-09
m1237.ply,vehicle,1542,3500,1.751404710748503e-09
m1551.ply,vehicle,1872,3500,2.6296639881961598e-09
m1545.ply,vehicle,1831,3500,1.5572371053243548e-09
m1223.ply,vehicle,1117,2230,2.047137210217208e-09
m1586.ply,vehicle,1999,3499,3.5168799443019423e-09
m1587.ply,vehicle,1846,3500,4.110428439593216e-09
m740.ply,vehicle,2125,3499,2.2029040622185925e-09
m1544.ply,vehicle,1824,3499,3.133150172860544e-09
m1222.ply,vehicle,1212,2448,7.214084641549145e-10
m1236.ply,vehicle,1573,3312,2.7773898806786797e-09
m1550.ply,vehicle,1881,3499,1.8224045357251953e-09
m1578.ply,vehicle,1192,2296,1.534361902537591e-09
m1197.ply,vehicle,1756,3500,2.642480240810588e-09
m1183.ply,vehicle,1812,3120,3.818493621870689e-09
m1154.ply,vehicle,1770,3500,4.2278900973778585e-09
m1140.ply,vehicle,1856,3499,2.647329745814825e-09
m1168.ply,vehicle,1615,3500,2.0639979447031743e-09
m1395.ply,vehicle,2070,3499,2.6301110771414913e-09
m1381.ply,vehicle,1861,3500,1.8384745124187408e-09
m1430.ply,vehicle,2197,3500,3.607858972440792e-09
m1356.ply,vehicle,1946,3301,2.840249043752944e-09
m1342.ply,vehicle,1252,2305,5.469098962872136e-09
m1424.ply,vehicle,1889,3500,3.76867034144926e-09
m1418.ply,vehicle,1741,3040,1.6013177221089133e-09
m1368.ply,vehicle,1942,3500,3.703900176373599e-09
m1354.ply,vehicle,1790,3500,4.80013970145981e-10
m1432.ply,vehicle,1936,3288,1.3755324726126323e-09
m1426.ply,vehicle,1881,3500,1.0722800918837742e-08
m1340.ply,vehicle,1834,3500,1.019856414735366e-09
m1397.ply,vehicle,1888,3499,8.915164114222286e-10
m1383.ply,vehicle,968,3500,4.627801593291059e-09
m1156.ply,vehicle,1333,2472,1.6650072902990117e-09
m1142.ply,vehicle,1322,2498,2.128632684117459e-09
m1195.ply,vehicle,1136,1840,2.347431792084222e-09
m1181.ply,vehicle,1633,3264,2.552791695660317e-09
m1208.ply,vehicle,1080,2076,5.786634222620725e-09
m1220.ply,vehicle,1729,3448,2.2928877670155676e-09
m1546.ply,vehicle,2093,3499,2.2955092655235574e-09
m1552.ply,vehicle,1761,3500,2.939802824788407e-09
m1234.ply,vehicle,1717,3500,6.762893837902866e-09
m1585.ply,vehicle,1950,3500,3.2449041564742115e-09
m1584.ply,vehicle,1766,3500,1.952716996661607e-09
m1553.ply,vehicle,1239,1915,1.7520722809638149e-09
m1235.ply,vehicle,1754,3500,6.39636197984032e-10
m1221.ply,vehicle,1366,2752,3.5637958195540554e-09
m1547.ply,vehicle,1818,3500,2.4127527165591496e-09
m1209.ply,vehicle,1755,3499,6.010071929057621e-09
m1180.ply,vehicle,1752,3500,2.0866989085765307e-09
m1194.ply,vehicle,2018,3499,3.0836526155455057e-09
m1143.ply,vehicle,1876,3500,2.612576389448111e-09
m1157.ply,vehicle,1264,2088,6.3880742445671046e-09
m1382.ply,vehicle,1751,3500,2.019585163882733e-09
m1396.ply,vehicle,1353,2476,2.27227275393285e-09
m1427.ply,vehicle,2123,3500,1.9883117482867504e-09
m1341.ply,vehicle,1666,3296,5.680288251830222e-09
m1355.ply,vehicle,2059,3500,3.667573051787738e-09
m1433.ply,vehicle,2272,3499,2.8506662559884176e-09
m1369.ply,vehicle,1004,1720,5.022568054304947e-09
m1437.ply,vehicle,2104,3500,6.668394015670489e-09
m1351.ply,vehicle,1849,3499,2.6993143396033815e-09
m1345.ply,vehicle,1922,3500,5.355789864877104e-10
m1423.ply,vehicle,3579,3500,6.44819810109388e-09
m1379.ply,vehicle,1017,1858,1.022676960692117e-09
m1392.ply,vehicle,2342,3499,2.467356071635966e-09
m1386.ply,vehicle,1707,3384,1.748345260749557e-09
m1153.ply,vehicle,1748,3499,5.953420435787222e-09
m1147.ply,vehicle,1149,2320,2.2878639378011953e-09
m1190.ply,vehicle,1693,3500,2.2142693574560032e-09
m1184.ply,vehicle,1736,3499,1.3842368445748493e-09
m1543.ply,vehicle,1311,2192,3.900049553701013e-09
m1225.ply,vehicle,1637,3500,3.0524539789509485e-09
m1231.ply,vehicle,1086,2112,1.9247372472480157e-09
m1557.ply,vehicle,1784,3500,1.5535075104056304e-09
m1219.ply,vehicle,1752,3500,1.8553272148347992e-09
m1580.ply,vehicle,1400,2568,3.215674758226704e-09
m1581.ply,vehicle,2019,3499,3.861083530868287e-09
m1218.ply,vehicle,1802,3499,6.1464868357242355e-09
m1230.ply,vehicle,1915,3499,6.1280058682980124e-09
m1556.ply,vehicle,1256,3500,7.250541028345791e-10
m1542.ply,vehicle,1820,3499,1.8030286544979312e-09
m1224.ply,vehicle,1908,3500,9.917909760170664e-10
m1185.ply,vehicle,1643,3498,4.7157738695045405e-09
m1191.ply,vehicle,1295,2444,4.694004754488023e-09
m1146.ply,vehicle,1700,3016,2.8923644139795123e-09
m1152.ply,vehicle,1938,3500,1.6122994652701356e-09
m1387.ply,vehicle,1752,3500,3.4688987776723636e-09
m1393.ply,vehicle,1020,1899,2.6958683039055816e-09
m1378.ply,vehicle,1890,3500,2.389048974500865e-09
m1344.ply,vehicle,1061,1930,5.532172282285421e-09
m1422.ply,vehicle,1289,1762,2.405238761960249e-09
m1436.ply,vehicle,1704,3340,2.090560269726801e-10
m1350.ply,vehicle,1097,1976,1.8531585429535962e-09
m1420.ply,vehicle,2106,3500,4.842011506311265e-09
m1346.ply,vehicle,1835,3500,6.085547773966992e-10
m1352.ply,vehicle,1788,3500,1.6883764748058407e-09
m1434.ply,vehicle,1814,3500,2.027917479745287e-09
m1408.ply,vehicle,1293,2496,4.070239774005141e-09
m1385.ply,vehicle,2009,3499,7.316661235988512e-10
m1391.ply,vehicle,1638,2978,3.3954057261241085e-09
m1144.ply,vehicle,1966,3499,3.749308761850299e-09
m1150.ply,vehicle,1753,3500,3.5830878985435666e-09
m1178.ply,vehicle,1010,2288,5.867309227249363e-09
m1187.ply,vehicle,1190,2384,3.5654885608780734e-09
m1193.ply,vehicle,1019,2030,5.467210716332131e-09
m1554.ply,vehicle,1438,3500,3.886556091134663e-09
m1232.ply,vehicle,1750,3498,3.420946171952174e-09
m1226.ply,vehicle,1752,3500,2.8974194748649193e-09
m1540.ply,vehicle,1788,3500,8.785999940839172e-09
m1568.ply,vehicle,1664,3500,2.1816065993446426e-09
m1583.ply,vehicle,1169,2292,2.737516001708683e-09
m1582.ply,vehicle,1761,3499,2.451441331277084e-09
m1569.ply,vehicle,2269,3499,2.9862065803718063e-09
m1227.ply,vehicle,2106,3499,3.5266177037874756e-09
m1541.ply,vehicle,1721,3499,1.9574163376747083e-09
m1555.ply,vehicle,2033,3500,5.822145847652912e-09
m1233.ply,vehicle,1703,3500,8.519010572510806e-09
m1192.ply,vehicle,1686,3499,9.95041438885574e-10
m1186.ply,vehicle,1749,3500,4.1489775665272936e-09
m1179.ply,vehicle,1203,2082,3.3766460679616595e-09
m1151.ply,vehicle,1776,3500,8.981972068299041e-09
m1145.ply,vehicle,2323,3500,3.070592163967961e-09
m1390.ply,vehicle,1876,3499,1.237464566660142e-09
m1384.ply,vehicle,1797,3499,1.4723204746180046e-09
m1409.ply,vehicle,1995,3499,2.934155509774004e-09
m1353.ply,vehicle,1788,3500,1.6255787902175202e-09
m1435.ply,vehicle,3109,3499,9.860219887683937e-10
m1421.ply,vehicle,2016,3500,2.113704880955157e-09
m1347.ply,vehicle,1749,3499,5.637437877405043e-10
m1438.ply,vehicle,1309,2454,8.259232366432502e-10
m1362.ply,vehicle,2374,3500,4.634821420356639e-09
m1404.ply,vehicle,2138,3500,5.686030114348492e-09
m1410.ply,vehicle,2344,3500,2.4890786745405965e-09
m1376.ply,vehicle,1722,3500,1.7545912233318931e-09
m1389.ply,vehicle,1683,3499,4.532634545148556e-09
m1148.ply,vehicle,2130,3500,8.313210496865312e-10
m1160.ply,vehicle,1943,3500,1.1090211767852602e-09
m1174.ply,vehicle,1114,2208,3.758036644274055e-09
m1558.ply,vehicle,2075,3500,2.9157513143523943e-09
m1216.ply,vehicle,1752,3500,2.021005171470538e-09
m1570.ply,vehicle,1445,3479,6.12973853829334e-09
m1564.ply,vehicle,1346,2697,3.2225503341602083e-09
m1202.ply,vehicle,1768,3500,1.1294249253838434e-09
m1565.ply,vehicle,2242,3500,2.285224818558404e-09
m1203.ply,vehicle,1749,3496,1.8164347417101474e-09
m1217.ply,vehicle,1209,2376,2.2933640575385404e-09
m1571.ply,vehicle,1879,3499,3.0267956902805316e-09
m1559.ply,vehicle,1884,3499,5.793925956842968e-09
m1175.ply,vehicle,1798,3500,8.311182697992676e-10
m1161.ply,vehicle,1486,1692,3.539022800365099e-09
m1149.ply,vehicle,1822,3500,2.9619756603955824e-09
m1388.ply,vehicle,1592,3156,5.250343741492351e-09
m1411.ply,vehicle,1857,3499,1.9687870632113996e-09
m1377.ply,vehicle,2195,3499,6.237157164036395e-10
m1363.ply,vehicle,1960,3500,2.26609480110501e-09
m1405.ply,vehicle,1545,3500,8.721409064623587e-09
m1439.ply,vehicle,1706,3392,1.1841418177572404e-09
m1349.ply,vehicle,1473,2560,1.7605828119196246e-09
m1375.ply,vehicle,1694,3431,1.0660275808273205e-09
m1413.ply,vehicle,1201,2264,2.6567205575196414e-09
m1407.ply,vehicle,1792,3500,2.1573337314551913e-09
m1361.ply,vehicle,1038,2008,1.3562202203294599e-09
m1177.ply,vehicle,1751,3500,1.7921007799206186e-09
m1163.ply,vehicle,1013,2778,6.091776396324851e-09
m1188.ply,vehicle,1086,2152,6.028732730992732e-09
m1229.ply,vehicle,1873,3500,8.472452792662057e-10
m1201.ply,vehicle,2093,3500,1.6548275879751363e-09
m1567.ply,vehicle,1902,3456,1.2070243195217908e-09
m1573.ply,vehicle,1461,2788,2.079077202357639e-09
m1215.ply,vehicle,1756,3500,2.4949938333676986e-09
m1572.ply,vehicle,1906,3500,4.974063518341581e-09
m1214.ply,vehicle,1757,3499,2.1192849486270147e-09
m1200.ply,vehicle,1702,3500,1.1691427768141322e-09
m1566.ply,vehicle,1877,3500,1.3426948046114133e-09
m1228.ply,vehicle,1023,1472,3.143292056772102e-09
m1189.ply,vehicle,1000,2312,2.3227711943411667e-09
m1162.ply,vehicle,1755,3500,2.4151858106229902e-09
m1176.ply,vehicle,987,3498,3.1233604332334857e-09
m1406.ply,vehicle,1076,3500,4.2247724428683424e-09
m1360.ply,vehicle,2446,3500,1.9163023271190076e-09
m1374.ply,vehicle,1866,3499,3.94095934847559e-09
m1412.ply,vehicle,2314,3500,2.0906717080491774e-09
m1348.ply,vehicle,1840,3499,4.4144352945374537e-10
m1416.ply,vehicle,2192,3498,4.017707758897244e-09
m1370.ply,vehicle,1748,3401,4.032350753769177e-09
m1364.ply,vehicle,2294,3500,4.6821633926111076e-09
m1402.ply,vehicle,1545,3500,1.4604814356899123e-08
m1358.ply,vehicle,1196,1989,2.5900319151884594e-09
m1172.ply,vehicle,1335,3498,1.980657568926094e-09
m1166.ply,vehicle,1395,3088,2.6014770199620084e-09
m1199.ply,vehicle,1790,3499,4.3232601109530454e-10
m1562.ply,vehicle,2461,3499,2.370687434691343e-09
m1204.ply,vehicle,1064,2352,1.660112213451197e-09
m1210.ply,vehicle,1760,3500,4.439886900067317e-09
m1576.ply,vehicle,1705,3499,3.6351745327557465e-09
m1238.ply,vehicle,1724,3500,2.1146568992525386e-09
m1588.ply,vehicle,2001,3500,3.5788222778888313e-09
m1239.ply,vehicle,1526,2704,1.065195980364489e-09
m1211.ply,vehicle,1795,3408,7.7495161593979e-10
m1577.ply,vehicle,1902,3499,1.4886991605790639e-09
m1563.ply,vehicle,1814,3499,3.922572471533563e-09
m1205.ply,vehicle,1302,2224,1.2258640986437696e-09
m1198.ply,vehicle,1682,3500,1.9406417536808985e-09
m1167.ply,vehicle,2452,3499,4.684733675581728e-09
m1173.ply,vehicle,1870,3500,4.962983100841641e-09
m1359.ply,vehicle,1026,2032,1.2950688525345831e-09
m1365.ply,vehicle,1952,3500,1.99060091161436e-09
m1403.ply,vehicle,1830,3499,5.955998865849659e-09
m1417.ply,vehicle,2187,3499,4.630762428798281e-09
m1371.ply,vehicle,1558,2565,1.9686882156147434e-09
m1401.ply,vehicle,1802,3499,6.615384413910626e-09
m1367.ply,vehicle,1898,3500,3.3044375398511518e-09
m1373.ply,vehicle,1881,3499,4.247190476319784e-09
m1415.ply,vehicle,1859,3499,1.2223204772919718e-09
m1429.ply,vehicle,2137,3500,2.309705850758292e-09
m1398.ply,vehicle,1783,3499,1.3288160608542013e-09
m1165.ply,vehicle,1656,3072,6.118210267082284e-09
m1171.ply,vehicle,1914,3499,8.512591241172185e-10
m1159.ply,vehicle,1938,3500,1.6122994652701356e-09
m1575.ply,vehicle,1939,3499,2.0209995718162362e-09
m1213.ply,vehicle,1006,2016,4.841228732325179e-09
m1207.ply,vehicle,1442,2676,2.1093387328711307e-09
m1561.ply,vehicle,1189,2232,2.8041993369878485e-09
m1549.ply,vehicle,967,3500,1.60701149946433e-09
m1548.ply,vehicle,1831,3500,1.5572371053243548e-09
m1206.ply,vehicle,1113,2144,2.5393428020339678e-09
m1560.ply,vehicle,1641,3500,1.3397794318215899e-09
m1574.ply,vehicle,1820,3500,2.3669164540567953e-09
m1212.ply,vehicle,1173,2513,6.753062284589031e-10
m1158.ply,vehicle,1237,2432,2.095862293595738e-09
m1170.ply,vehicle,2129,3500,1.7230701811402936e-09
m1164.ply,vehicle,1098,2480,3.769688742971553e-09
m1399.ply,vehicle,1270,2452,1.6245994916264819e-09
m1428.ply,vehicle,2234,3500,1.14121069919458e-09
m1372.ply,vehicle,1934,3500,1.7677568877971594e-09
m1414.ply,vehicle,2172,3497,3.386860802981945e-09
m1400.ply,vehicle,2308,3499,3.573887813385482e-09
m1366.ply,vehicle,1805,3500,1.1012609832891973e-09
m1329.ply,vehicle,1802,3500,2.301358445940256e-09
m1467.ply,vehicle,1786,3500,2.362109009541222e-09
m1301.ply,vehicle,1154,2304,3.536410536024145e-09
m1315.ply,vehicle,1862,3376,9.223757234172037e-10
m1473.ply,vehicle,1718,3500,1.0378252167355692e-08
m1498.ply,vehicle,1882,3500,2.6227964786277406e-09
m1249.ply,vehicle,1234,2464,3.7244472594174015e-09
m1513.ply,vehicle,2210,3499,3.4069081817287334e-09
m1275.ply,vehicle,2005,3500,5.157875248719257e-09
m1261.ply,vehicle,1509,2608,1.27668244106726e-09
m1507.ply,vehicle,1872,3500,1.113865349810475e-09
m1260.ply,vehicle,1634,3500,2.6982609253753365e-09
m1506.ply,vehicle,1988,3500,1.8455652980017089e-09
m1512.ply,vehicle,2235,3500,3.146616666158477e-09
m1274.ply,vehicle,1539,2736,3.322532772332143e-09
m1248.ply,vehicle,1126,2232,9.485434220983995e-10
m1499.ply,vehicle,1724,3499,4.434023959592378e-09
m1314.ply,vehicle,1644,2996,6.207469977021077e-09
m1472.ply,vehicle,1872,3384,1.1083165885365902e-08
m1466.ply,vehicle,1959,3499,9.226990792409401e-09
m1300.ply,vehicle,1496,3498,5.245933421824675e-09
m1328.ply,vehicle,1750,3500,6.8662821010000885e-09
m1458.ply,vehicle,1816,3500,2.3003421538759465e-09
m1470.ply,vehicle,1763,3500,2.5713517412907977e-09
m1316.ply,vehicle,1470,2728,5.123601262960556e-09
m1302.ply,vehicle,1058,1882,3.3937842275899446e-09
m1464.ply,vehicle,1851,3500,3.808849583821271e-09
m1128.ply,vehicle,1911,3500,7.64844690070799e-09
m1538.ply,vehicle,1760,3500,1.2408223298009976e-09
m1504.ply,vehicle,1621,3269,1.2450858469354294e-09
m1262.ply,vehicle,1986,3499,4.199292618374314e-09
m1276.ply,vehicle,2148,3500,4.9419801384889934e-09
m1510.ply,vehicle,1741,3500,4.5812774962692464e-09
m1289.ply,vehicle,1849,3499,3.3547827708955297e-09
m1288.ply,vehicle,1502,2674,9.745670304230068e-10
m1277.ply,vehicle,1814,3499,7.021254733919039e-09
m1511.ply,vehicle,1799,3500,6.962303826905887e-10
m1505.ply,vehicle,1932,3499,4.971013531065053e-09
m1263.ply,vehicle,1244,2092,2.087666200145595e-09
m1539.ply,vehicle,1746,3500,1.964872095929228e-09
m1129.ply,vehicle,1894,3499,2.2042714721679407e-09
m1303.ply,vehicle,1728,3500,3.666765472054865e-09
m1465.ply,vehicle,2194,3499,1.2684366966105604e-08
m1471.ply,vehicle,2484,3500,2.7648910245218895e-09
m1317.ply,vehicle,1176,2060,1.2237768729431825e-08
m1459.ply,vehicle,1155,2124,2.8534297299362053e-09
m1313.ply,vehicle,1610,2952,6.010224919359719e-10
m1475.ply,vehicle,1744,3499,9.814984319010977e-09
m1461.ply,vehicle,2461,3499,6.235369964820409e-09
m1307.ply,vehicle,1873,3499,6.0391769613563995e-09
m1449.ply,vehicle,1320,2640,4.906938408675032e-09
m1139.ply,vehicle,2312,3500,1.068119274635379e-08
m1267.ply,vehicle,1920,3499,1.0374444510880228e-09
m1501.ply,vehicle,1831,3499,3.812764197491237e-10
m1515.ply,vehicle,1906,3499,5.043647196894491e-10
m1273.ply,vehicle,1791,3500,3.258266159892282e-09
m1529.ply,vehicle,2032,3499,3.12578163813753e-09
m739.ply,vehicle,1732,3500,3.250299753349617e-09
m1298.ply,vehicle,1126,2168,3.229196818997834e-09
m1299.ply,vehicle,1995,3500,3.73283423814363e-09
m738.ply,vehicle,1513,2800,1.0479421016507215e-09
m1528.ply,vehicle,2081,3500,4.960038918563754e-09
m1514.ply,vehicle,1944,3500,1.8530267410353606e-09
m1272.ply,vehicle,2600,3499,1.9610657030852006e-08
m1266.ply,vehicle,2033,3500,3.3042882598239376e-09
m1500.ply,vehicle,1644,3260,2.939594291438597e-09
m1138.ply,vehicle,2000,3500,2.260533514803478e-09
m1448.ply,vehicle,1789,3499,7.607434329136467e-09
m1460.ply,vehicle,1884,3500,8.613852550645223e-10
m1306.ply,vehicle,1588,3499,5.666851787056691e-09
m1312.ply,vehicle,1860,3500,6.56307315864563e-09
m1474.ply,vehicle,2150,3500,1.4717041801824165e-08
m1304.ply,vehicle,1066,2094,6.669790485750099e-09
m1462.ply,vehicle,1889,3499,4.631746890697617e-09
m1476.ply,vehicle,1728,3500,1.493801356444371e-08
m1310.ply,vehicle,1362,2668,1.4185214640281611e-08
m1338.ply,vehicle,1806,3499,4.998851484240936e-09
m1489.ply,vehicle,1684,3352,1.1166097138686523e-09
m1270.ply,vehicle,1039,1808,1.2535152193542433e-09
m1516.ply,vehicle,1660,3500,3.6085316112244818e-09
m1502.ply,vehicle,2295,3500,1.4996227337396869e-09
m1264.ply,vehicle,1144,1996,1.442415354661807e-09
m1258.ply,vehicle,2121,3499,5.1466453411481144e-09
m1259.ply,vehicle,2093,3500,1.6548275879751363e-09
m1503.ply,vehicle,1922,3499,3.814131717958781e-09
m1265.ply,vehicle,1477,2720,3.30098191636679e-09
m1271.ply,vehicle,1178,2096,6.323020270413043e-09
m1517.ply,vehicle,1822,3499,9.686861358549083e-10
m1488.ply,vehicle,1942,3499,2.9323200875532285e-09
m1339.ply,vehicle,1000,3498,1.5769565258379383e-09
m1477.ply,vehicle,1953,3499,4.328858634661492e-09
m1311.ply,vehicle,1006,2008,4.179530263135127e-09
m1305.ply,vehicle,1769,3500,6.520932531804677e-09
m1463.ply,vehicle,1769,3499,2.895441005616896e-09
m1056.ply,plant,6326,3499,4.724035428078518e-09
m1042.ply,plant,7690,3500,6.13872396477948e-09
m1095.ply,plant,1303,1445,8.870612235235903e-09
m1081.ply,plant,5305,3500,1.2659754065752875e-08
m1080.ply,plant,9256,3500,1.6959325981217386e-08
m1094.ply,plant,1287,1440,1.4728729489180335e-09
m1043.ply,plant,2756,3500,1.4207508100672095e-08
m1057.ply,plant,1366,2212,6.679174047702663e-09
m1069.ply,plant,4751,3500,4.778955072939873e-09
m1041.ply,plant,6636,3500,5.026260960499706e-09
m1055.ply,plant,8649,3500,4.146763067722214e-09
m1082.ply,plant,1132,2240,1.27573794999042e-09
m1096.ply,plant,1980,3500,5.465866432779481e-09
m1097.ply,plant,1134,1984,1.3305079086752328e-09
m1083.ply,plant,6777,3500,6.044634448726296e-10
m1054.ply,plant,8008,3500,6.767741692063895e-09
m1040.ply,plant,5544,1872,5.284704055222743e-09
m1068.ply,plant,1366,1892,1.1495242455209948e-08
m1044.ply,plant,5241,3500,4.8217053506930595e-09
m1050.ply,plant,4357,3500,2.7465094516186333e-09
m1078.ply,plant,2118,2784,5.380282365028886e-10
m1087.ply,plant,5115,3500,1.3796725028293891e-08
m1093.ply,plant,1197,1954,1.0195485515800722e-08
m1092.ply,plant,1294,2552,3.444887415669349e-09
m1086.ply,plant,3941,3500,1.2050984236479965e-08
m1079.ply,plant,1775,3500,1.8465685671081042e-10
m1051.ply,plant,4475,3500,2.7822193691662336e-09
m1045.ply,plant,7240,3500,1.4402678235619169e-09
m1053.ply,plant,1592,3498,1.276378760003473e-08
m1047.ply,plant,6492,3500,1.0788610112827577e-08
m1090.ply,plant,1768,3500,2.792016696688731e-09
m1084.ply,plant,6522,3500,1.1745022009177696e-09
m1085.ply,plant,6845,3500,9.445205143426512e-10
m1091.ply,plant,2280,3499,4.881585604060145e-09
m1046.ply,plant,1592,3498,1.276378760003473e-08
m1052.ply,plant,2196,2976,5.100159820634765e-09
m1009.ply,plant,3090,3500,3.2559693901934125e-09
m1035.ply,plant,1787,3360,2.9773213262281165e-09
m1021.ply,plant,2765,3499,2.907360904394014e-09
m966.ply,plant,6024,3500,4.702409004475612e-09
m972.ply,plant,3219,3482,3.313136380707202e-08
m999.ply,plant,1235,1277,5.131046671816699e-09
m998.ply,plant,1112,1912,3.652560097063662e-09
m973.ply,plant,3915,3500,1.6743103918107284e-09
m967.ply,plant,3527,3500,7.557549868521696e-09
m1020.ply,plant,3393,3500,2.252700660245308e-09
m1034.ply,plant,1762,3500,1.5051704047100964e-08
m1008.ply,plant,2782,3500,2.46776544536417e-09
m1022.ply,plant,2840,3500,2.299698594764475e-09
m1036.ply,plant,1791,3500,2.54200559081889e-09
m971.ply,plant,3632,3494,7.726038207651743e-09
m965.ply,plant,2685,3500,9.101022904962669e-09
m964.ply,plant,2930,3500,3.3085793305455276e-09
m970.ply,plant,1416,2292,7.0749056136878135e-09
m1037.ply,plant,1472,3497,3.0092193725200764e-09
m1023.ply,plant,2658,3236,5.907605074195933e-09
m1027.ply,plant,2812,3500,3.577698623628796e-09
m1033.ply,plant,1252,3498,3.6985872895057574e-09
m974.ply,plant,1027,1552,4.533246232698143e-09
m961.ply,plant,2681,3499,1.1199460517550982e-09
m975.ply,plant,1686,3500,1.3533096578872307e-09
m1032.ply,plant,1266,2496,5.097606091829175e-09
m1026.ply,plant,1519,2064,3.917459691731695e-09
m1030.ply,plant,1227,2768,1.8941829767428157e-09
m1024.ply,plant,3167,3499,2.854455191685282e-09
m1018.ply,plant,2988,3500,1.3122126512392026e-09
m963.ply,plant,2606,3499,1.7763780745767328e-08
m977.ply,plant,1506,3044,4.08408708390174e-09
m988.ply,plant,1837,3500,1.5462596264519062e-09
m989.ply,plant,1027,1024,6.476902333994794e-10
m976.ply,plant,1272,1889,2.419397008140398e-09
m962.ply,plant,3164,3500,4.541313607158513e-09
m1019.ply,plant,3258,3500,1.2289735972354684e-08
m1025.ply,plant,2536,3500,3.417896310001261e-09
m1031.ply,plant,1916,3499,1.6716247258929025e-09
m1028.ply,plant,2823,3500,2.2554686046814033e-09
m1014.ply,plant,4394,3500,6.363285190060539e-10
m1000.ply,plant,3330,3500,4.212497193809446e-09
m984.ply,plant,2405,3500,5.093086550962446e-10
m990.ply,plant,1612,2576,1.5536005222812596e-09
m991.ply,plant,3155,3499,5.668219878506437e-09
m985.ply,plant,3103,3499,1.5353877614009019e-09
m1001.ply,plant,2651,3500,6.463262330011374e-10
m1015.ply,plant,1325,2111,1.1947789723759845e-09
m1029.ply,plant,1136,2192,1.316457914755977e-09
m1003.ply,plant,3916,3500,2.8554435830601092e-09
m1017.ply,plant,2553,3500,2.9051954599077114e-09
m978.ply,plant,3052,3500,7.239969323147596e-10
m993.ply,plant,1943,3500,7.23662819761861e-10
m987.ply,plant,2412,3500,1.7647104643965266e-09
m986.ply,plant,1980,3499,1.8099859514576345e-09
m992.ply,plant,1612,2576,2.4325231810581773e-09
m979.ply,plant,1236,1070,1.9789714359628764e-09
m1016.ply,plant,2490,3500,4.0331037711820495e-09
m1002.ply,plant,3314,3500,2.4538863303335396e-09
m1006.ply,plant,2941,3499,5.3791903296176345e-09
m1012.ply,plant,2469,3500,3.3880954271237214e-09
m969.ply,plant,8216,3500,9.030852412316637e-09
m996.ply,plant,1837,3500,2.964201465606647e-09
m982.ply,plant,1232,2400,3.216004080453713e-09
m983.ply,plant,1947,3499,1.1754808979668854e-09
m997.ply,plant,2097,2892,1.9172628876986875e-09
m968.ply,plant,2524,3500,8.93879239668979e-09
m1013.ply,plant,3243,3500,1.0598098862909894e-09
m1007.ply,plant,3602,3500,3.3831647990441597e-09
m1011.ply,plant,2741,3499,3.838843516993986e-09
m1005.ply,plant,3212,3500,3.906805932454714e-09
m1039.ply,plant,2202,3499,2.4630649501740408e-09
m981.ply,plant,1509,3499,4.47781810810361e-09
m995.ply,plant,2846,3500,3.5215838642966023e-09
m994.ply,plant,1227,1816,3.190166157802987e-09
m980.ply,plant,1870,3499,1.4531767440465418e-09
m1038.ply,plant,2072,3500,4.0213202992946346e-09
m1004.ply,plant,3335,3500,8.061015138266024e-09
m1010.ply,plant,3490,3500,2.131480724765382e-09
m1077.ply,plant,1846,3499,1.9269448918912526e-09
m1063.ply,plant,1690,3497,1.7413100040855073e-08
m1088.ply,plant,6144,3497,5.1730321325913675e-09
m1089.ply,plant,1859,3500,6.0856417074074435e-09
m1062.ply,plant,1344,2768,5.446939398179056e-09
m1076.ply,plant,5391,3500,4.448743409534747e-09
m1048.ply,plant,6628,3500,6.5238005214902e-09
m1060.ply,plant,1756,3500,3.734184803185774e-09
m1074.ply,plant,3503,3499,5.597284364066265e-09
m1075.ply,plant,1732,3500,1.4484532796869545e-08
m1061.ply,plant,1078,1956,7.072757111360899e-09
m1049.ply,plant,7979,3500,5.176141656801034e-09
m1065.ply,plant,3007,1610,8.313208957632016e-09
m1071.ply,plant,1086,1812,9.750187983160702e-09
m1059.ply,plant,1058,1916,1.5060402107913132e-08
m1058.ply,plant,1086,1972,5.942104580279041e-09
m1070.ply,plant,1194,1134,4.369072079775487e-09
m1064.ply,plant,2681,1800,2.1581143990555916e-08
m1072.ply,plant,1356,1296,8.657684088796782e-09
m1066.ply,plant,1904,2042,1.2492044580640575e-08
m1098.ply,plant,3327,3500,4.212272818365178e-09
m1067.ply,plant,1058,1756,3.6615104650436975e-09
m1073.ply,plant,2913,3499,1.2490679839853173e-08
m1678.ply,miscellaneous,1958,3499,3.04481970345864e-09
m1644.ply,miscellaneous,1803,3500,2.1769089554623134e-09
m1650.ply,miscellaneous,3539,3500,1.2859902169468607e-08
m332.ply,miscellaneous,1198,2392,2.7870634933793874e-09
m326.ply,miscellaneous,1521,2828,3.580100886359614e-09
m1687.ply,miscellaneous,1861,3499,1.255392469075068e-09
m1693.ply,miscellaneous,1932,3500,1.6796222950186484e-09
m285.ply,miscellaneous,1713,3500,1.239544961072993e-09
m291.ply,miscellaneous,1810,3500,1.2942296045048205e-09
m520.ply,miscellaneous,1755,3500,3.4399346874139904e-09
m736.ply,miscellaneous,1752,3500,1.5814067315275972e-09
m290.ply,miscellaneous,1873,3500,3.0935440939432766e-09
m284.ply,miscellaneous,1751,3499,1.036933031241238e-09
m1692.ply,miscellaneous,1985,3500,2.3177626697043997e-09
m1686.ply,miscellaneous,1794,3500,1.0149759632206866e-09
m327.ply,miscellaneous,1538,3072,1.2967905137788584e-09
m333.ply,miscellaneous,1023,2043,2.0276375141635633e-09
m1651.ply,miscellaneous,1273,1337,4.148968822750132e-09
m1645.ply,miscellaneous,1744,3500,7.626996004849325e-09
m1679.ply,miscellaneous,1604,3144,2.8835228984219897e-09
m1653.ply,miscellaneous,2980,3499,8.547173998775853e-09
m1647.ply,miscellaneous,1872,3500,7.732429639666545e-09
m325.ply,miscellaneous,1546,2878,1.514113906816135e-09
m331.ply,miscellaneous,1678,3348,9.243298495900511e-10
m1690.ply,miscellaneous,1862,3500,3.942303281824111e-09
m319.ply,miscellaneous,1864,3500,1.499683448107448e-09
m1684.ply,miscellaneous,1756,3500,1.018785179804498e-08
m292.ply,miscellaneous,1665,3232,1.6976320914788935e-09
m286.ply,miscellaneous,1746,3500,3.094110056889974e-09
m735.ply,miscellaneous,1770,3500,4.948910871119829e-09
m734.ply,miscellaneous,1396,1816,2.9357155234810934e-09
m287.ply,miscellaneous,1749,3500,8.375854205475466e-10
m293.ply,miscellaneous,1810,3500,2.4237489954287354e-09
m1685.ply,miscellaneous,1838,3500,2.5112196017267083e-09
m318.ply,miscellaneous,1820,3499,1.2452654866911032e-09
m1691.ply,miscellaneous,1762,3500,3.332552563613551e-09
m330.ply,miscellaneous,1649,3499,9.985235849365668e-10
m324.ply,miscellaneous,1752,3500,3.405107492203448e-10
m1646.ply,miscellaneous,2572,3499,8.314015556519926e-10
m1652.ply,miscellaneous,2273,3112,4.5762221705318135e-09
m1656.ply,miscellaneous,2248,3499,1.0818490646385629e-08
m1642.ply,miscellaneous,1808,3500,1.8398457250380543e-09
m1695.ply,miscellaneous,1718,3384,1.4463313168084014e-09
m1681.ply,miscellaneous,1774,3500,7.1654427380593555e-09
m308.ply,miscellaneous,1830,3499,3.920616730880707e-09
m320.ply,miscellaneous,1868,3500,2.079387342072466e-09
m334.ply,miscellaneous,1644,3264,1.6961548302550405e-09
m297.ply,miscellaneous,1890,3499,1.812639014670512e-09
m283.ply,miscellaneous,1690,3500,1.3320669512600306e-09
m296.ply,miscellaneous,1871,3499,2.7663535184149905e-09
m335.ply,miscellaneous,1752,3500,3.08636836673157e-09
m321.ply,miscellaneous,1958,3500,3.371046822397968e-09
m309.ply,miscellaneous,1785,3499,2.4689167304682176e-09
m1680.ply,miscellaneous,1422,2832,4.2779864810961984e-10
m1694.ply,miscellaneous,1765,3500,1.6347343701413557e-09
m1643.ply,miscellaneous,1778,3500,1.2548353280304424e-08
m1657.ply,miscellaneous,1292,2136,1.1991008246959991e-09
m1655.ply,miscellaneous,3820,3500,3.013840518876231e-09
m1682.ply,miscellaneous,1840,3500,2.9717264865553266e-09
m1696.ply,miscellaneous,1816,3500,2.4112949232715848e-09
m337.ply,miscellaneous,1752,3500,9.32287114782394e-10
m323.ply,miscellaneous,1801,3499,1.1909032335885792e-09
m294.ply,miscellaneous,1809,3500,3.237085507181088e-09
m519.ply,miscellaneous,1655,3499,1.1387238714502042e-08
m733.ply,miscellaneous,1754,3500,2.9658873583295677e-09
m518.ply,miscellaneous,1132,2220,2.5190695655780567e-10
m295.ply,miscellaneous,1793,3499,3.2225681968711565e-09
m322.ply,miscellaneous,1890,3499,1.812639014670512e-09
m336.ply,miscellaneous,1557,3110,6.83939546593953e-10
m1697.ply,miscellaneous,1069,1936,1.597147048648016e-09
m1683.ply,miscellaneous,1802,3500,3.198771049185504e-09
m1654.ply,miscellaneous,2149,3499,3.7320034505468055e-09
m621.ply,miscellaneous,1770,3499,9.459901748189556e-09
m351.ply,miscellaneous,1835,3500,2.2254000772854175e-09
m1814.ply,miscellaneous,1800,3500,1.933857233030782e-09
m345.ply,miscellaneous,1972,3500,9.72337555801332e-10
m379.ply,miscellaneous,1748,3500,1.5847829225321925e-09
m1784.ply,miscellaneous,1456,3497,2.635575678193479e-08
m741.ply,miscellaneous,1777,3500,4.704735168348269e-09
m1785.ply,miscellaneous,1893,3500,2.2705547909725566e-09
m378.ply,miscellaneous,1818,3500,7.230094072779755e-10
m344.ply,miscellaneous,1955,3500,3.0977586716742218e-09
m350.ply,miscellaneous,1794,3499,2.4280168774832817e-09
m620.ply,miscellaneous,1805,3500,8.58072266540738e-09
m622.ply,miscellaneous,1802,3500,4.235659914324279e-09
m1624.ply,miscellaneous,1734,3500,7.041641086350675e-09
m346.ply,miscellaneous,1798,3500,1.3400947095170477e-09
m352.ply,miscellaneous,1871,3499,3.038813557918088e-09
m1803.ply,miscellaneous,1829,3499,6.091652052694855e-09
m1787.ply,miscellaneous,4298,3499,7.25547306999774e-08
m742.ply,miscellaneous,1018,2032,8.467623166597817e-09
m743.ply,miscellaneous,1752,3500,9.248878006806817e-10
m1786.ply,miscellaneous,1936,3500,4.9746471438068465e-09
m1779.ply,miscellaneous,1846,3500,2.263761528883447e-09
m353.ply,miscellaneous,1752,3500,2.166992783517115e-09
m347.ply,miscellaneous,1515,3499,2.349833669350201e-09
m1625.ply,miscellaneous,1997,3500,7.609112362633838e-09
m623.ply,miscellaneous,1823,3500,8.883837563816435e-10
m1621.ply,miscellaneous,1486,2896,3.8770917234603344e-09
m380.ply,miscellaneous,1896,3500,2.571875101514589e-09
m343.ply,miscellaneous,1858,3499,1.4808200643923368e-09
m1812.ply,miscellaneous,1774,3499,3.324364630682643e-09
m357.ply,miscellaneous,1742,3500,1.6486886741431577e-09
m1806.ply,miscellaneous,1694,3040,5.78700217929357e-09
m1755.ply,miscellaneous,1774,3500,1.938608336689988e-09
m1782.ply,miscellaneous,1817,3500,4.420149128153041e-09
m579.ply,miscellaneous,1248,2304,5.5240264685007155e-09
m747.ply,miscellaneous,1752,3500,1.7951373220356223e-09
m746.ply,miscellaneous,1076,2048,1.2964889570118353e-09
m578.ply,miscellaneous,2135,3500,2.959907008519082e-09
m1783.ply,miscellaneous,2310,3499,8.21999446342398e-09
m1754.ply,miscellaneous,1104,2256,1.0200641080188683e-09
m356.ply,miscellaneous,1751,3500,3.190437208044797e-09
m1813.ply,miscellaneous,1794,3499,3.906643275161162e-10
m342.ply,miscellaneous,1543,2688,1.8356785402416057e-09
m381.ply,miscellaneous,1678,3500,1.5049587736393584e-09
m1620.ply,miscellaneous,1214,3500,3.3819066834663033e-09
m618.ply,miscellaneous,1622,3232,3.939425658387258e-09
m624.ply,miscellaneous,1758,3500,7.90949847702933e-09
m1622.ply,miscellaneous,1054,2130,4.075038599885698e-09
m368.ply,miscellaneous,1831,3500,3.2846960851266747e-09
m1805.ply,miscellaneous,1336,2450,6.219061339793121e-09
m354.ply,miscellaneous,1759,3500,2.1058061357920313e-09
m1811.ply,miscellaneous,1136,3500,2.1267743470758858e-09
m340.ply,miscellaneous,1426,2790,1.001588672090439e-09
m1756.ply,miscellaneous,1517,3032,1.0530776706835874e-09
m1781.ply,miscellaneous,2366,3494,7.589364990123483e-09
m744.ply,miscellaneous,1750,3500,2.04991875676577e-09
m745.ply,miscellaneous,1750,3500,3.582020535376025e-09
m1780.ply,miscellaneous,2416,3499,9.786560966681622e-09
m1757.ply,miscellaneous,1710,3500,2.0105107586802867e-09
m341.ply,miscellaneous,1831,3499,1.877045338680825e-09
m355.ply,miscellaneous,1752,3500,2.5474669313819337e-09
m1804.ply,miscellaneous,1566,3112,1.3351269163336665e-09
m369.ply,miscellaneous,1784,3499,1.1454699770951893e-09
m1623.ply,miscellaneous,1834,3499,3.437728351067622e-09
m619.ply,miscellaneous,1417,2784,8.233633083316923e-09
m370.ply,miscellaneous,1798,3500,1.2518313221026138e-09
m364.ply,miscellaneous,1814,3499,1.6956819814513552e-09
m358.ply,miscellaneous,1173,2260,3.945080923482329e-09
m576.ply,miscellaneous,1731,2464,3.739704558760959e-09
m748.ply,miscellaneous,1247,2490,4.020198561495975e-09
m749.ply,miscellaneous,1757,3500,3.6573496608156076e-10
m577.ply,miscellaneous,1303,1888,2.2816219055659867e-09
m359.ply,miscellaneous,1234,2460,2.0806223444116796e-09
m365.ply,miscellaneous,1752,3500,1.656834626342053e-09
m371.ply,miscellaneous,1780,3500,2.5384665122035796e-09
m617.ply,miscellaneous,1773,3499,6.103695141418236e-09
m367.ply,miscellaneous,1839,3500,9.95746969211476e-10
m373.ply,miscellaneous,1594,3166,3.0076681512223224e-09
m1759.ply,miscellaneous,1654,3360,2.3442110380582276e-09
m575.ply,miscellaneous,1443,2080,5.6885846345616215e-09
m574.ply,miscellaneous,2124,3500,7.028235662455045e-09
m1758.ply,miscellaneous,1764,3500,8.65803415865488e-10
m372.ply,miscellaneous,1750,3500,3.769226303734819e-10
m366.ply,miscellaneous,1765,3500,1.8049562921139473e-09
m362.ply,miscellaneous,1756,3500,2.048938640062868e-09
m376.ply,miscellaneous,1895,3500,1.7336473310990637e-09
m377.ply,miscellaneous,1306,2294,5.231548607105916e-10
m363.ply,miscellaneous,1831,3499,2.436106570456658e-09
m349.ply,miscellaneous,1852,3500,9.060277614680576e-10
m375.ply,miscellaneous,1753,3499,9.962538129531092e-10
m361.ply,miscellaneous,1144,2228,3.836333009966066e-09
m1788.ply,miscellaneous,1786,3500,4.088318509982275e-09
m573.ply,miscellaneous,1247,2472,2.008941598724776e-09
m360.ply,miscellaneous,1074,2144,1.2647372952940248e-09
m374.ply,miscellaneous,1750,3500,5.764936674715999e-09
m348.ply,miscellaneous,1802,3500,1.3006479847155213e-09
m1659.ply,miscellaneous,2141,3499,3.777305309640134e-09
m1665.ply,miscellaneous,2150,3500,5.088466122242347e-09
m1671.ply,miscellaneous,1145,1808,2.0934761886575263e-09
m313.ply,miscellaneous,1837,3500,1.6486612332326525e-09
m307.ply,miscellaneous,1581,2955,1.739659085195786e-09
m298.ply,miscellaneous,1868,3500,2.079387342072466e-09
m515.ply,miscellaneous,1333,2688,8.385288482501406e-10
m514.ply,miscellaneous,1843,3500,1.5630131231298639e-09
m299.ply,miscellaneous,1826,3500,2.077505874824933e-09
m306.ply,miscellaneous,1914,3499,3.486027819421816e-09
m312.ply,miscellaneous,1808,3500,1.806691797312106e-09
m1670.ply,miscellaneous,2147,3472,2.4850248943751223e-09
m1664.ply,miscellaneous,1049,1948,4.7488716295294906e-09
m1658.ply,miscellaneous,2170,3500,9.19677465226735e-09
m1672.ply,miscellaneous,2007,3499,3.933060339183018e-09
m304.ply,miscellaneous,1901,3500,3.886359390252042e-10
m310.ply,miscellaneous,1801,3500,9.570351903144226e-10
m338.ply,miscellaneous,1547,3090,2.0924837024096252e-09
m516.ply,miscellaneous,1786,3500,1.1426084221831928e-08
m517.ply,miscellaneous,1764,3500,5.951529442872536e-09
m339.ply,miscellaneous,1765,3500,1.1001265902107484e-09
m311.ply,miscellaneous,1812,3500,2.772071061956497e-09
m305.ply,miscellaneous,1174,2158,1.7463982930298302e-09
m1673.ply,miscellaneous,1979,3499,5.166880764164586e-09
m113.ply,miscellaneous,2114,3500,5.511470428728567e-09
m117.ply,miscellaneous,1872,3500,7.394479461586851e-09
m1677.ply,miscellaneous,1712,3500,2.5486158625636867e-08
m1663.ply,miscellaneous,1636,1767,2.390839957650419e-09
m329.ply,miscellaneous,1752,3500,7.444807024496543e-10
m1688.ply,miscellaneous,1786,3500,2.6851721177153917e-09
m301.ply,miscellaneous,1892,3500,1.9836471295133714e-09
m315.ply,miscellaneous,1801,3500,1.2105763118947832e-09
m314.ply,miscellaneous,1837,3500,1.178557164663051e-09
m300.ply,miscellaneous,1859,3500,3.0241756862747928e-09
m1689.ply,miscellaneous,1252,2496,2.987688050438046e-09
m328.ply,miscellaneous,1752,3500,5.18976970268042e-10
m1662.ply,miscellaneous,2523,3500,3.4795686087324735e-09
m1676.ply,miscellaneous,1764,3500,5.434738574560853e-09
m116.ply,miscellaneous,2128,3500,1.200238285039242e-08
m114.ply,miscellaneous,1928,3500,1.2713741272124401e-08
m1660.ply,miscellaneous,1983,3499,4.067445048908995e-09
m1674.ply,miscellaneous,1768,3500,1.696916765797812e-09
m1648.ply,miscellaneous,3179,3500,4.249007440193474e-09
m316.ply,miscellaneous,1900,3499,3.577378060890302e-09
m302.ply,miscellaneous,1844,3499,1.7308055771445153e-09
m289.ply,miscellaneous,1842,3500,2.034434879123749e-09
m288.ply,miscellaneous,1772,3500,3.146016681257263e-09
m303.ply,miscellaneous,1895,3499,1.3904957234922772e-09
m317.ply,miscellaneous,1871,3500,1.0960938543004593e-09
m1649.ply,miscellaneous,3153,3119,1.4295274347083425e-08
m1675.ply,miscellaneous,1752,3328,1.9360229008461894e-09
m1661.ply,miscellaneous,1335,2022,2.61210410349788e-09
m115.ply,miscellaneous,1911,3500,9.442255538640384e-09
m859.ply,furniture,1948,3500,1.0044739658571998e-09
m871.ply,furniture,1141,2944,5.285411630122978e-09
m865.ply,furniture,2058,3500,6.641456354399124e-09
m939.ply,furniture,1302,2416,1.1093793090613e-08
m905.ply,furniture,1841,3500,6.41397725169198e-09
m911.ply,furniture,1763,3500,2.1286604310027816e-09
m910.ply,furniture,1021,3500,4.983723377163627e-09
m904.ply,furniture,1364,2432,2.4651778891512824e-09
m938.ply,furniture,1671,3360,2.683132449404354e-09
m864.ply,furniture,1035,1624,2.967394157523583e-09
m870.ply,furniture,1752,3500,6.340186044701126e-09
m858.ply,furniture,1098,1792,2.0193944560474816e-09
m866.ply,furniture,2035,3499,4.334567659215315e-09
m872.ply,furniture,1768,3500,1.1578378300558313e-08
m899.ply,furniture,2087,3500,1.4633574716037691e-08
m912.ply,furniture,1756,3500,6.978229724886921e-09
m906.ply,furniture,1772,3500,8.82792064885674e-09
m907.ply,furniture,1907,3424,7.569804324514498e-09
m913.ply,furniture,1514,3008,7.468670599590878e-09
m898.ply,furniture,2093,3500,5.960005855865407e-09
m873.ply,furniture,1864,3500,4.45989844765602e-09
m867.ply,furniture,1768,3500,4.530413319335661e-09
m863.ply,furniture,2092,3499,8.29683240757419e-09
m877.ply,furniture,1764,3500,6.176500557281609e-09
m888.ply,furniture,1752,3500,3.459218107113001e-09
m917.ply,furniture,1386,2752,6.974540230865315e-09
m903.ply,furniture,1816,3500,1.4312051954496883e-09
m902.ply,furniture,1763,3500,9.633415487987353e-09
m916.ply,furniture,1760,3500,6.015918318218249e-10
m889.ply,furniture,1690,3500,1.4024674169193682e-08
m876.ply,furniture,1794,3328,1.4941529366895125e-09
m862.ply,furniture,1784,3499,1.6500848671011425e-08
m874.ply,furniture,1935,3500,3.615138875820739e-09
m860.ply,furniture,1764,3500,4.6364527647195505e-09
m848.ply,furniture,1320,2720,7.097606363306157e-09
m900.ply,furniture,2090,3498,7.396854964897005e-09
m914.ply,furniture,1848,3500,1.5556078584799261e-09
m928.ply,furniture,1651,3008,3.972801104537835e-09
m929.ply,furniture,1553,3008,9.525782492040538e-10
m915.ply,furniture,1760,3500,4.2544843573023506e-09
m901.ply,furniture,1759,3500,1.4477291724759573e-09
m849.ply,furniture,1559,3072,2.248617077712754e-09
m861.ply,furniture,1781,3500,6.047347309796014e-09
m875.ply,furniture,1779,2976,5.935514185490433e-10
m812.ply,furniture,1856,3499,6.891646950315897e-09
m806.ply,furniture,1754,3500,7.490653566295232e-09
m782.ply,furniture,1538,2944,2.28058745706917e-09
m796.ply,furniture,1794,3500,2.1789248298529653e-09
m769.ply,furniture,1436,2816,2.36703010477819e-09
m768.ply,furniture,1774,3499,2.869446516214794e-09
m797.ply,furniture,1757,3498,1.7381886868987499e-09
m783.ply,furniture,1690,3500,1.2016753848813343e-08
m807.ply,furniture,1480,2944,7.090814436767704e-09
m813.ply,furniture,1866,3498,1.1210055200903894e-08
m839.ply,furniture,1758,3500,2.4821815237325143e-09
m805.ply,furniture,1719,3500,2.7088680778766953e-09
m811.ply,furniture,1862,3499,6.632939580212802e-09
m795.ply,furniture,1776,3500,1.743283046132054e-09
m959.ply,furniture,1747,3500,6.577130818780269e-09
m781.ply,furniture,1178,2032,1.1317941064042636e-08
m780.ply,furniture,1058,1872,3.9917584147023274e-09
m958.ply,furniture,1759,3500,5.282344774027951e-09
m794.ply,furniture,1851,3500,3.584996264736152e-09
m810.ply,furniture,1778,3500,5.21110213028653e-09
m804.ply,furniture,1183,2208,3.2740631917800332e-09
m838.ply,furniture,1766,3500,1.8734819153537127e-09
m800.ply,furniture,1571,3040,2.2135550312161734e-09
m814.ply,furniture,1201,2184,4.780307807227229e-09
m828.ply,furniture,1774,3500,1.495039965567184e-09
m960.ply,furniture,1804,3500,6.529320903436866e-09
m948.ply,furniture,1828,3500,8.429544500872671e-09
m790.ply,furniture,1815,3500,4.627083779091923e-09
m784.ply,furniture,1158,2304,1.366497790794616e-09
m785.ply,furniture,1839,3499,3.0866649839850212e-09
m791.ply,furniture,1784,3500,1.867435695619468e-09
m949.ply,furniture,1762,3500,1.4795132140176589e-09
m829.ply,furniture,1774,3500,2.2694969672438553e-09
m815.ply,furniture,1201,2184,4.824258768853907e-09
m801.ply,furniture,1804,3500,1.4186025630070566e-09
m817.ply,furniture,1400,2752,3.1310071246517527e-09
m803.ply,furniture,1318,2481,4.1843136437405054e-09
m787.ply,furniture,1373,2678,1.8278397403524515e-08
m793.ply,furniture,1942,3499,1.6481986133074097e-09
m778.ply,furniture,1744,3500,1.1762379318056552e-09
m779.ply,furniture,1776,3500,4.789936475833328e-09
m792.ply,furniture,1772,3500,3.6246702483717662e-09
m786.ply,furniture,1768,3500,2.610446510624463e-09
m802.ply,furniture,1936,3296,7.875611930487107e-09
m816.ply,furniture,1201,2184,3.216201729038092e-09
m833.ply,furniture,1229,2200,1.807075891615084e-09
m827.ply,furniture,1078,2112,8.056245773151082e-09
m947.ply,furniture,1421,2336,1.1675073615232967e-08
m953.ply,furniture,1832,3499,1.7327207816885647e-09
m774.ply,furniture,1790,3500,1.8736085901131278e-08
m775.ply,furniture,1805,3500,4.095580538546213e-09
m952.ply,furniture,1167,2320,5.480774144507803e-09
m946.ply,furniture,1539,2576,3.247592481875735e-09
m826.ply,furniture,1778,3500,4.444463010714259e-09
m832.ply,furniture,1966,3398,1.2561320763373423e-09
m818.ply,furniture,1739,3500,3.2830653353769077e-09
m824.ply,furniture,1827,3499,4.067087008302945e-09
m830.ply,furniture,1777,3500,2.0349013608294623e-09
m950.ply,furniture,1587,2896,1.2637673724117596e-08
m788.ply,furniture,1238,2448,8.232294756794474e-09
m944.ply,furniture,1511,2624,3.1774165294972215e-09
m777.ply,furniture,1045,1860,2.0514104334450932e-09
m763.ply,furniture,1247,2176,1.4028364741908587e-09
m776.ply,furniture,1660,3500,1.0136457063173649e-08
m945.ply,furniture,1900,3500,4.234860901320239e-09
m789.ply,furniture,1792,3500,3.5147860311744847e-09
m951.ply,furniture,1300,2288,3.0173480987367587e-09
m831.ply,furniture,1748,3500,1.892076387699856e-09
m825.ply,furniture,1217,2392,4.6762498444302755e-09
m819.ply,furniture,1526,2656,9.572161798289915e-09
m821.ply,furniture,1326,2720,8.745493239664568e-09
m835.ply,furniture,1923,3500,2.3799782202115082e-09
m809.ply,furniture,1470,2880,3.6699506237603192e-09
m955.ply,furniture,1717,3296,1.7907688067900246e-09
m941.ply,furniture,1626,3296,1.5922594590118253e-09
m799.ply,furniture,1787,3500,6.987255219889581e-09
m772.ply,furniture,1666,3264,4.237322484530635e-09
m766.ply,furniture,1242,3500,4.690958114967021e-09
m767.ply,furniture,1851,3500,2.8312360995403095e-09
m773.ply,furniture,1666,3264,1.7466653775147921e-09
m798.ply,furniture,1329,2396,3.8154103172484585e-09
m940.ply,furniture,1394,2608,6.007507809421172e-09
m954.ply,furniture,1799,3500,3.1383058856834376e-09
m808.ply,furniture,2018,3500,6.113323352481715e-09
m834.ply,furniture,1809,3499,3.791494670203736e-09
m820.ply,furniture,1644,3328,3.4469887224817606e-09
m836.ply,furniture,1471,2816,2.556811488387739e-09
m822.ply,furniture,1764,3500,2.106042845782535e-09
m942.ply,furniture,1790,3500,8.452400300051628e-09
m956.ply,furniture,1717,3296,1.449203784153289e-09
m765.ply,furniture,1005,1726,3.006600884888393e-09
m771.ply,furniture,1666,3264,2.931288451482047e-09
m770.ply,furniture,1396,2224,1.088509085936724e-09
m764.ply,furniture,1026,1936,6.13641780591866e-09
m957.ply,furniture,1761,3500,5.671424923835113e-09
m943.ply,furniture,2100,3500,6.63281870978258e-09
m823.ply,furniture,1658,3248,4.623176350819652e-09
m837.ply,furniture,1952,3500,4.740490195111773e-09
m878.ply,furniture,1173,2136,1.858813303087068e-08
m850.ply,furniture,1766,3500,5.81662120148246e-09
m844.ply,furniture,1764,3500,2.0980967860290855e-09
m893.ply,furniture,1860,3499,1.498366326149235e-08
m887.ply,furniture,1264,2464,4.978648412303811e-09
m918.ply,furniture,1005,1984,1.5574472429405046e-09
m924.ply,furniture,1771,3500,1.8548496711411309e-09
m930.ply,furniture,1762,3500,3.4106610090193377e-09
m931.ply,furniture,1760,3500,1.575851829300165e-09
m925.ply,furniture,1753,3500,6.797641845101152e-09
m919.ply,furniture,1005,1984,5.637485694379403e-09
m886.ply,furniture,1134,3500,6.639481606918709e-09
m892.ply,furniture,1811,3500,5.5690727475276954e-09
m845.ply,furniture,1810,3500,3.854683538601784e-09
m851.ply,furniture,1746,3500,5.7392368832838e-09
m879.ply,furniture,1089,2224,3.315795561041088e-09
m847.ply,furniture,1783,3500,2.7589503860174295e-09
m853.ply,furniture,1661,3500,2.4323550380147987e-09
m884.ply,furniture,1072,2128,3.3149341670099965e-09
m890.ply,furniture,1769,3500,4.221649784259634e-09
m933.ply,furniture,1755,3500,4.2577413056014514e-09
m927.ply,furniture,1768,3500,2.4983993203500805e-09
m926.ply,furniture,1781,3500,1.0224527918083342e-08
m932.ply,furniture,1764,3500,4.122509311290721e-09
m891.ply,furniture,1760,3500,5.816541242464259e-09
m885.ply,furniture,1717,3500,2.2311302423934605e-09
m852.ply,furniture,1671,3500,2.079990930199233e-09
m846.ply,furniture,1101,2098,4.2484190556752545e-09
m842.ply,furniture,1357,2263,1.390524290213075e-09
m856.ply,furniture,1767,3500,2.228918849691475e-09
m881.ply,furniture,1809,3500,2.625143238319767e-09
m895.ply,furniture,1902,3499,3.2501483716131932e-09
m936.ply,furniture,1757,3500,3.0580538809743974e-09
m922.ply,furniture,1760,3500,1.6087494059412827e-09
m923.ply,furniture,1768,3500,1.8620278099046602e-09
m937.ply,furniture,1122,2240,4.3030415486305534e-09
m894.ply,furniture,1910,3499,4.9295797716727146e-09
m880.ply,furniture,1794,3328,3.6907013001722398e-09
m857.ply,furniture,1372,2688,8.06272504066231e-10
m843.ply,furniture,1924,3500,1.1431933573617684e-09
m855.ply,furniture,1577,2816,5.859300982752014e-09
m841.ply,furniture,1753,3500,1.3131177723966636e-08
m869.ply,furniture,1879,3499,6.186013512283433e-09
m896.ply,furniture,1488,2560,6.405937268192497e-09
m882.ply,furniture,1858,3500,4.509399041517414e-09
m921.ply,furniture,1900,3500,2.7589993179058103e-09
m935.ply,furniture,1704,3500,3.739703531671413e-09
m909.ply,furniture,1586,3048,6.629757639687477e-10
m908.ply,furniture,2093,3500,5.960005855865407e-09
m934.ply,furniture,1760,3500,2.4341177763840394e-09
m920.ply,furniture,1620,2944,4.2054098507632025e-09
m883.ply,furniture,1386,2752,7.294778206397423e-09
m897.ply,furniture,1364,2432,6.067216503000724e-09
m868.ply,furniture,1438,2880,8.970181728522796e-09
m840.ply,furniture,1264,2880,2.8176165324825544e-09
m854.ply,furniture,1380,3264,2.265594408185267e-09
m130.ply,animal,1025,1865,5.336893051665215e-09
m124.ply,animal,1809,3448,2.004013885029393e-09
m118.ply,animal,1807,3499,5.526497665023689e-09
m66.ply,animal,1677,3499,5.775451457297955e-09
m72.ply,animal,1237,2360,4.50490894028674e-10
m99.ply,animal,1450,2888,4.183833403093512e-09
m246.ply,animal,2026,3500,1.259858944362395e-09
m252.ply,animal,1765,3499,6.243400806687149e-10
m253.ply,animal,1845,3499,1.5485840070774318e-09
m98.ply,animal,1765,3499,1.8585498157437328e-09
m247.ply,animal,1513,3495,5.130464505275239e-09
m73.ply,animal,1133,2256,4.296217194544727e-10
m67.ply,animal,1752,3500,5.731794414525463e-10
m119.ply,animal,1737,3348,4.996495359186537e-10
m125.ply,animal,1250,2500,2.109419986693408e-09
m131.ply,animal,2012,3012,4.505233079176354e-09
m127.ply,animal,1577,3500,6.62007979873603e-10
m133.ply,animal,1933,3499,1.3426077624403846e-09
m59.ply,animal,89,3480,4.09996828145924e-09
m71.ply,animal,1674,3344,7.931668400511573e-10
m65.ply,animal,1004,1930,6.198428851571064e-09
m251.ply,animal,1753,3500,2.9964809398669993e-09
m245.ply,animal,2006,3448,1.871573715111323e-09
m279.ply,animal,1061,2096,2.3845337243767705e-09
m278.ply,animal,1344,2584,1.4717919585646698e-09
m244.ply,animal,1914,3368,1.8988855362038153e-09
m250.ply,animal,1836,3499,2.1788626519754906e-09
m64.ply,animal,1811,3499,1.2729403681511286e-09
m70.ply,animal,1186,2240,2.366114452498165e-09
m58.ply,animal,1752,3500,5.896922728961016e-10
m132.ply,animal,2249,3499,1.7215827566379669e-09
m126.ply,animal,1857,3500,7.636700896043893e-09
m122.ply,animal,1716,3320,7.838078256197955e-10
m136.ply,animal,1802,3476,2.5161659999597975e-10
m74.ply,animal,1719,3500,1.9620597220049457e-09
m60.ply,animal,1606,3208,6.009302005649416e-09
m48.ply,animal,1676,3296,2.214493811549364e-09
m268.ply,animal,1760,3500,2.443282502305465e-09
m254.ply,animal,1839,3500,3.7066773113508042e-09
m240.ply,animal,1790,3500,2.364597623522036e-09
m241.ply,animal,2047,3496,4.401288006998876e-09
m255.ply,animal,1720,3500,2.59956922845162e-09
m269.ply,animal,1752,3500,4.370695566903629e-09
m282.ply,animal,1799,3500,1.719749314099171e-09
m49.ply,animal,1867,3500,1.546956877392153e-09
m61.ply,animal,1901,3500,1.1028187948697882e-09
m75.ply,animal,1094,2048,5.499661818899915e-09
m137.ply,animal,1636,3254,2.0442672192609493e-09
m123.ply,animal,1809,3500,2.1808693000446408e-09
m109.ply,animal,1288,2568,9.321273791665689e-10
m135.ply,animal,1824,3500,1.1707039356373186e-09
m121.ply,animal,1811,3500,2.509065362683242e-09
m63.ply,animal,1112,1792,7.185078253935816e-10
m77.ply,animal,1817,3500,3.599183440743888e-09
m280.ply,animal,1839,3500,1.8001429445038595e-09
m243.ply,animal,1989,3428,2.245610826292549e-09
m88.ply,animal,1618,3220,1.9317317126972654e-09
m257.ply,animal,1458,2884,7.148161254533302e-10
m89.ply,animal,1750,3499,4.207174054056259e-09
m256.ply,animal,1759,3500,9.327453187711797e-09
m242.ply,animal,2059,3499,2.2975065373199155e-09
m281.ply,animal,1752,3500,4.706466591518455e-09
m76.ply,animal,1583,3164,1.8114165264721123e-09
m62.ply,animal,1752,3500,4.980478718639034e-10
m120.ply,animal,1804,3480,6.163773900312651e-10
m134.ply,animal,1904,3500,7.026685039149389e-09
m108.ply,animal,1749,3500,7.868881894307986e-10
m190.ply,animal,1022,1777,3.141806798463269e-09
m184.ply,animal,1708,3304,8.608102929066546e-10
m153.ply,animal,1934,3499,1.035692620392946e-09
m147.ply,animal,1947,3500,2.602265340323697e-09
m39.ply,animal,1869,3500,1.7769481766991104e-09
m11.ply,animal,1454,2896,1.2745713124406557e-09
m225.ply,animal,1800,3499,3.3403450893602194e-09
m231.ply,animal,1894,3500,6.105841024827721e-09
m219.ply,animal,1090,3500,2.893301631217056e-09
m6.ply,animal,1901,3500,6.389254503283774e-09
m7.ply,animal,1029,2024,3.081843510052857e-10
m218.ply,animal,1762,3500,2.585176754444961e-09
m230.ply,animal,1932,3500,4.35071255637752e-09
m224.ply,animal,1746,3500,8.745781030826779e-09
m10.ply,animal,1362,2628,1.9139833820366425e-09
m38.ply,animal,1743,3500,1.7642711630230188e-09
m146.ply,animal,2244,3460,5.122511931544702e-10
m152.ply,animal,1930,3499,4.376986964782125e-09
m185.ply,animal,1817,3500,3.867467675300683e-09
m191.ply,animal,1704,3500,2.5805165532705624e-09
m187.ply,animal,1618,3128,4.139422468071244e-09
m193.ply,animal,1817,3499,2.457157859217457e-09
m144.ply,animal,1773,3500,1.4895669448394773e-09
m150.ply,animal,2001,3012,5.011232128617874e-09
m178.ply,animal,1752,3500,1.2653993970441915e-09
m12.ply,animal,1024,2000,6.332178559053009e-09
m232.ply,animal,1710,3416,4.39462774734849e-09
m226.ply,animal,1758,3500,3.2570880134966513e-09
m5.ply,animal,2012,3500,4.086587744294694e-09
m4.ply,animal,1974,3499,5.619517218692869e-09
m227.ply,animal,1210,3500,1.8173852698826968e-09
m233.ply,animal,1782,3500,3.3948731724751785e-09
m13.ply,animal,1529,3499,3.46868324444093e-09
m179.ply,animal,1772,3500,7.864443451673389e-10
m151.ply,animal,1762,3500,3.2249390166426708e-09
m145.ply,animal,1752,3500,2.6968281915093855e-09
m192.ply,animal,1737,3348,6.246875519188262e-10
m186.ply,animal,1319,2256,6.4230754512209e-09
m182.ply,animal,1748,3500,1.2697252308154328e-09
m196.ply,animal,1854,3499,3.5409218130846366e-10
m169.ply,animal,1059,2001,5.8443994166161535e-09
m141.ply,animal,2012,3012,9.856051101897497e-10
m155.ply,animal,1290,2576,1.2868545824191154e-09
m17.ply,animal,1548,3000,6.628762305023934e-09
m237.ply,animal,1752,3500,3.0304384373134433e-09
m223.ply,animal,1744,3500,1.5384715951050967e-09
m0.ply,animal,1036,1968,6.83641069634801e-09
m1.ply,animal,1866,3500,5.147690461932279e-09
m222.ply,animal,1754,3500,8.992796437441655e-10
m236.ply,animal,1870,3500,1.884869836016986e-09
m16.ply,animal,1777,3499,8.481934712744711e-09
m154.ply,animal,1572,2920,1.4694745028538977e-09
m140.ply,animal,1752,3500,5.103085324185319e-09
m168.ply,animal,1704,3500,5.000785392779651e-10
m197.ply,animal,2010,3012,2.5496961421816427e-09
m183.ply,animal,1806,3500,1.710933985835337e-09
m195.ply,animal,1809,3499,1.6693186217852837e-09
m181.ply,animal,1787,3499,1.7151147975198966e-09
m156.ply,animal,1765,3500,1.2026171911789324e-09
m142.ply,animal,1904,3499,2.1750666983879745e-09
m14.ply,animal,1807,3499,3.2102051455744637e-09
m28.ply,animal,1786,3499,3.153909928380164e-09
m208.ply,animal,1390,2776,3.293021410869518e-09
m220.ply,animal,1828,3500,1.6088235303644827e-09
m234.ply,animal,1809,3500,3.8134111153257595e-09
m3.ply,animal,1780,3500,1.5678025264743558e-09
m2.ply,animal,1859,3500,4.05564949578124e-09
m235.ply,animal,1626,3248,3.252332867635153e-09
m221.ply,animal,1767,3499,4.044611168804654e-09
m209.ply,animal,1200,3500,3.553717532358901e-09
m29.ply,animal,1773,3500,6.238459390440596e-10
m15.ply,animal,1454,2896,2.473475720454717e-09
m143.ply,animal,1868,3499,6.289193721925052e-09
m157.ply,animal,1782,3500,1.8368107329444411e-09
m180.ply,animal,1978,3500,3.088798456258788e-09
m194.ply,animal,2244,3460,6.290242726788004e-10
m199.ply,animal,1822,3500,3.0943777265662453e-09
m172.ply,animal,1789,3500,1.6513710324472073e-09
m166.ply,animal,955,3500,1.2520860328377697e-09
m18.ply,animal,1838,3500,1.7575208005799635e-08
m24.ply,animal,1771,3500,5.852149809626434e-09
m30.ply,animal,1559,3200,5.376121141745693e-10
m204.ply,animal,1224,2338,4.5131019842073965e-09
m210.ply,animal,1758,3500,3.6360113142139757e-09
m238.ply,animal,1983,3500,3.1940683544992217e-09
m239.ply,animal,1929,3324,9.132823395911706e-10
m211.ply,animal,1706,3499,4.859947868206115e-09
m205.ply,animal,1788,3499,1.1705287500158685e-09
m31.ply,animal,1778,3500,2.1663283646960822e-09
m25.ply,animal,1249,2494,2.805564591914635e-08
m19.ply,animal,2069,3499,2.093591350521604e-10
m167.ply,animal,1720,3424,1.6062502684851532e-09
m173.ply,animal,1003,1702,3.217978317541597e-09
m198.ply,animal,685,3494,1.0163899598517747e-08
m165.ply,animal,982,3500,2.9594234803444424e-09
m171.ply,animal,1870,3499,1.17900991630805e-08
m159.ply,animal,1813,3500,3.999553973535199e-09
m33.ply,animal,1812,3500,2.6792500719141728e-09
m27.ply,animal,1228,3498,1.220480124577181e-09
m213.ply,animal,1548,3040,2.506776170672599e-09
m207.ply,animal,1933,3499,3.3880541193517086e-09
m206.ply,animal,1885,3499,1.0983397674194566e-09
m212.ply,animal,1290,2576,2.8141263325403635e-09
m26.ply,animal,1863,3500,1.3169292112752907e-09
m32.ply,animal,1129,2246,2.5654025190487885e-09
m158.ply,animal,1811,3500,2.0340335889594514e-09
m170.ply,animal,1781,3500,1.8477860109045058e-09
m164.ply,animal,1780,3500,3.765579318003945e-10
m148.ply,animal,1808,3500,4.11625088239341e-09
m160.ply,animal,1869,3500,4.08016093365272e-09
m174.ply,animal,1196,2308,2.0180071684954322e-09
m36.ply,animal,1289,2531,3.870889300540542e-09
m22.ply,animal,1263,2480,5.807603448721867e-09
m216.ply,animal,1932,3500,1.1612098728752227e-09
m202.ply,animal,1763,3500,1.038234740341333e-09
m9.ply,animal,1947,3499,3.7944904106148266e-09
m8.ply,animal,1490,2792,3.602073654745975e-09
m203.ply,animal,1734,3500,9.988774379834554e-10
m217.ply,animal,1774,3500,3.4508416046722934e-09
m23.ply,animal,1770,3500,2.6572985603827974e-09
m37.ply,animal,1752,3500,1.4460593539300392e-09
m175.ply,animal,1956,3499,4.669143069464819e-09
m161.ply,animal,1797,3356,1.4537654225397682e-09
m149.ply,animal,1752,3499,1.071986569484627e-09
m188.ply,animal,1863,3360,1.27086962368977e-09
m177.ply,animal,1523,2960,1.1759145849532785e-09
m163.ply,animal,1731,3328,8.508257065146535e-10
m21.ply,animal,1147,2224,3.406183416326574e-09
m35.ply,animal,1752,3500,2.0037182149647805e-09
m229.ply,animal,1831,3499,3.4451593125732445e-09
m201.ply,animal,1751,3500,5.424751932251222e-09
m215.ply,animal,1745,3500,7.05254652554269e-09
m214.ply,animal,1738,3492,5.331969012972145e-10
m200.ply,animal,1350,2547,1.8187018407445445e-09
m228.ply,animal,1419,3499,5.760228578583357e-09
m34.ply,animal,1752,3500,7.666325868704807e-10
m20.ply,animal,1624,3042,8.490267115967313e-09
m162.ply,animal,1821,3500,2.163652951063025e-09
m176.ply,animal,1814,3500,2.1580994564002228e-09
m189.ply,animal,1078,2104,1.0876438454821483e-09
m111.ply,animal,1238,2442,1.2670041245340419e-09
m105.ply,animal,1799,3500,1.3974909971715223e-09
m139.ply,animal,1830,3500,7.261014286188905e-10
m47.ply,animal,1379,2640,4.3791621329399775e-09
m53.ply,animal,1924,3500,2.6739066471714155e-09
m267.ply,animal,2098,3500,4.053184548646355e-09
m273.ply,animal,1764,3500,2.9356072174888356e-09
m84.ply,animal,1843,3499,1.940826632603382e-09
m90.ply,animal,1770,3500,4.565671802040481e-09
m91.ply,animal,1614,3169,3.1471650765401583e-09
m85.ply,animal,1925,3500,4.8559733124139705e-09
m272.ply,animal,1798,3500,8.261609387479269e-10
m266.ply,animal,1092,2168,2.6286598809007755e-09
m52.ply,animal,1134,2312,1.3438142575327222e-09
m46.ply,animal,1547,3500,3.96665685344345e-09
m138.ply,animal,1753,3499,2.1542428323591106e-09
m104.ply,animal,1752,3500,2.6648641499834546e-09
m110.ply,animal,1752,3500,2.6592440373557218e-09
m106.ply,animal,1378,2760,3.3198377223078047e-09
m112.ply,animal,1762,3500,1.0077350429798064e-09
m78.ply,animal,1659,2936,5.106268542970837e-09
m50.ply,animal,1458,2912,2.1715815585680176e-09
m44.ply,animal,1598,3192,1.954426920975762e-09
m270.ply,animal,1747,3500,3.5668949405987666e-09
m264.ply,animal,1750,3499,2.1872479983431445e-09
m93.ply,animal,1796,3500,2.4617968640452825e-09
m258.ply,animal,1759,3499,2.1969625331520554e-09
m87.ply,animal,1790,3500,2.599287406398475e-09
m259.ply,animal,1494,2912,2.3661608789169884e-09
m86.ply,animal,1934,3500,8.0793468841943e-09
m92.ply,animal,1769,3499,2.4796689257316066e-09
m265.ply,animal,1752,3500,2.014131792947335e-09
m271.ply,animal,1846,3500,4.349224912442281e-09
m45.ply,animal,1756,3500,4.987852262196621e-09
m51.ply,animal,1206,2392,3.344250108191571e-09
m79.ply,animal,1912,3500,7.860743906047391e-10
m107.ply,animal,1760,3500,3.3349846224076563e-09
m103.ply,animal,1810,3499,2.468727878474985e-09
m55.ply,animal,1914,3500,1.140163415643696e-09
m41.ply,animal,1719,3499,1.196195691788138e-09
m69.ply,animal,1174,2272,5.275652150845142e-09
m249.ply,animal,1802,3500,1.7100372071596607e-09
m96.ply,animal,1784,3499,2.78760057769044e-09
m82.ply,animal,1756,3500,1.7830333700430832e-09
m275.ply,animal,1752,3500,5.82210562997495e-10
m261.ply,animal,1818,3500,5.1033178245449814e-09
m260.ply,animal,1068,2102,4.84724746420583e-09
m274.ply,animal,1752,3500,4.769930423102214e-10
m83.ply,animal,1286,2464,6.683382518482871e-09
m248.ply,animal,1894,3500,5.234764109343667e-09
m97.ply,animal,1765,3499,2.9652878230919734e-09
m68.ply,animal,1754,3500,3.56347336252572e-10
m40.ply,animal,1726,3499,3.316948668173525e-09
m54.ply,animal,1941,3499,4.206457979946174e-10
m102.ply,animal,1791,3500,1.4547153043187285e-09
m128.ply,animal,1769,3412,2.2298702260610026e-09
m100.ply,animal,1752,3500,1.009531662189669e-09
m42.ply,animal,1599,3500,3.6615331261322415e-09
m56.ply,animal,1911,3499,3.314933994757331e-09
m81.ply,animal,1736,3500,1.8104616613828805e-09
m95.ply,animal,1752,3500,7.532337102005743e-10
m262.ply,animal,1813,3500,4.024517752883493e-09
m276.ply,animal,1759,3500,4.14835888187196e-09
m277.ply,animal,1764,3496,5.066639790655126e-10
m263.ply,animal,1805,3500,2.536273936755606e-09
m94.ply,animal,1874,3499,2.0428674553689787e-09
m80.ply,animal,1104,2104,4.757925992439419e-09
m57.ply,animal,1904,3500,8.791631475064091e-09
m43.ply,animal,1636,3500,6.341571852757795e-09
m101.ply,animal,1143,2204,8.238860527612763e-10
m129.ply,animal,831,3496,7.385979857187751e-09
m695.ply,household,1774,3500,1.1849240027993188e-08
m681.ply,household,1802,3500,7.38829415917604e-10
m656.ply,household,1809,3499,1.5349127492320419e-09
m642.ply,household,1564,3500,4.224059827599233e-09
m497.ply,household,1781,3498,1.885082461720577e-09
m483.ply,household,1357,2480,2.8878502252078504e-09
m1718.ply,household,2236,3499,5.129735549094507e-09
m1730.ply,household,1182,2256,4.338850831767339e-09
m1724.ply,household,1547,3500,6.374602520350469e-09
m534.ply,household,1751,3500,2.6645958656324087e-09
m508.ply,household,1754,3500,2.266444528569082e-09
m722.ply,household,1834,3499,5.357303864607226e-10
m723.ply,household,1758,3500,2.6707063437809185e-09
m509.ply,household,1753,3500,1.487476792655962e-09
m535.ply,household,1805,3499,5.19238319550257e-10
m521.ply,household,2014,3500,3.1857799485944676e-09
m1725.ply,household,1745,3500,3.4453802797038614e-09
m1731.ply,household,1682,3500,4.653426329280946e-09
m1719.ply,household,1905,3499,8.918730193099923e-09
m482.ply,household,1901,3500,1.7083802047470102e-09
m496.ply,household,1748,3500,2.1875037148392083e-09
m643.ply,household,1331,2392,4.073872666067937e-09
m657.ply,household,1768,3499,2.2903103945205938e-09
m680.ply,household,1782,3500,1.9573698902271684e-10
m694.ply,household,1996,3500,1.2213301674100908e-09
m682.ply,household,1881,3500,8.45968082179559e-10
m696.ply,household,1709,3499,3.301814326906133e-09
m641.ply,household,1814,3500,6.508541720499405e-09
m655.ply,household,1420,2816,1.405681644016699e-09
m669.ply,household,1070,1832,2.1290043892743694e-09
m1109.ply,household,1490,2891,5.055047957140286e-10
m494.ply,household,1752,3500,1.6026213997088457e-09
m1727.ply,household,1808,3500,1.0790734890757213e-08
m1733.ply,household,1500,2988,1.456052804416424e-09
m537.ply,household,1750,3500,7.861552166337092e-09
m523.ply,household,1882,3500,3.1908258185151767e-09
m721.ply,household,1070,2120,6.137229895014613e-10
m709.ply,household,1764,3500,3.471036288357094e-10
m708.ply,household,1782,3500,6.053441921400706e-10
m720.ply,household,1240,2712,5.035287906996112e-09
m522.ply,household,1384,2648,3.824757429378514e-09
m536.ply,household,1752,3500,8.120565596390254e-10
m1732.ply,household,1168,2300,2.9363200763482873e-10
m1726.ply,household,1601,2928,5.9258213584870275e-09
m495.ply,household,1401,2750,6.832546871538743e-09
m1108.ply,household,2058,3500,1.3326498642306785e-09
m668.ply,household,1414,2538,5.7815374279576044e-09
m654.ply,household,1064,2088,2.6239575386339364e-09
m640.ply,household,1785,3500,5.1462555217187385e-09
m697.ply,household,1758,3500,1.8762827050402986e-09
m683.ply,household,1793,3500,1.6614080047922803e-09
m687.ply,household,1820,3500,2.545699720542204e-09
m693.ply,household,2093,3500,1.5270132316001422e-09
m678.ply,household,1267,2216,2.935558549842599e-10
m644.ply,household,2090,3500,1.4656597159243344e-09
m650.ply,household,1460,2464,1.9481213330633158e-09
m485.ply,household,1889,3500,1.7000097421397337e-09
m491.ply,household,1836,3500,1.0240524172621534e-09
m1722.ply,household,1336,2620,5.233523672492178e-09
m1736.ply,household,1263,2736,6.950865095005802e-09
m532.ply,household,1743,3499,8.922537852592414e-10
m526.ply,household,1775,3500,8.626441334466117e-10
m718.ply,household,1330,2952,3.588408178302189e-10
m730.ply,household,1710,3500,3.2583150111870764e-09
m724.ply,household,1036,2064,3.3714198869009547e-09
m725.ply,household,1036,2064,1.169557278100421e-09
m731.ply,household,1752,3500,8.75017456593845e-09
m719.ply,household,1760,3500,1.4870140175570175e-09
m527.ply,household,1752,3500,2.6495037387403935e-09
m533.ply,household,1727,3500,2.152217186848646e-09
m1737.ply,household,3885,3500,8.821379559088488e-10
m1723.ply,household,1551,3498,1.8479066754271032e-09
m490.ply,household,1782,3500,1.1267931229551718e-09
m484.ply,household,1784,3500,1.8233324996604983e-09
m651.ply,household,1132,2080,2.6402571973533708e-09
m645.ply,household,2477,3500,1.7946182701718367e-09
m679.ply,household,1861,3499,2.670454589964542e-09
m692.ply,household,1338,3500,1.2092269423049518e-08
m686.ply,household,1738,3499,1.9804667149293503e-09
m690.ply,household,1720,3499,1.6947713076344628e-09
m684.ply,household,1802,3499,1.7379800047397758e-09
m653.ply,household,1762,3500,9.204700727679513e-10
m647.ply,household,2066,3500,6.192806075408402e-09
m1641.ply,household,1256,2500,2.498323170711665e-09
m492.ply,household,1409,2912,1.6771490549006626e-09
m486.ply,household,1904,3500,1.6003787461498579e-09
m1669.ply,household,1757,3500,2.7668828279462853e-08
m1735.ply,household,1810,3500,1.8855952584250826e-09
m1721.ply,household,1743,3500,1.0863719706058883e-08
m1709.ply,household,1864,3500,3.242711811576493e-09
m525.ply,household,1831,3500,4.859996013491509e-09
m531.ply,household,1296,2592,9.269215199883529e-09
m727.ply,household,1758,3500,9.767626145318698e-10
m732.ply,household,1088,2152,2.9671161566313093e-09
m726.ply,household,1650,3268,3.2001454591504772e-09
m530.ply,household,1026,2048,3.15594350217019e-09
m524.ply,household,1696,3500,2.8883933176191874e-09
m1708.ply,household,1818,3500,2.9564362021864458e-09
m1720.ply,household,1814,3500,6.245569342751598e-09
m1734.ply,household,1679,3456,1.4079249426600773e-09
m487.ply,household,1699,3500,1.036549926691553e-09
m1668.ply,household,1872,3500,3.4978820724018494e-09
m493.ply,household,1756,3500,1.9074879355391493e-09
m1640.ply,household,1002,2000,9.915137069268859e-10
m646.ply,household,1824,3500,2.8273372413054924e-09
m652.ply,household,1719,3499,2.494443276960678e-09
m685.ply,household,1091,2200,3.070817369773314e-09
m691.ply,household,1917,3499,2.013887222288736e-09
m635.ply,household,1967,3499,2.1805748619948256e-09
m609.ply,household,1137,2234,2.4854082332340117e-09
m1627.ply,household,1009,1998,2.0659081815722918e-09
m1633.ply,household,1400,2653,1.2249670527955306e-09
m1800.ply,household,1761,3500,4.923809062826145e-09
m580.ply,household,1819,3500,1.2886184008206122e-08
m594.ply,household,1322,3498,1.925130114756523e-09
m1753.ply,household,1177,2118,3.289120399841366e-09
m1747.ply,household,1048,2792,2.819262138509578e-09
m543.ply,household,1800,3500,9.511784641680723e-10
m557.ply,household,1752,3500,2.126584853839642e-09
m1790.ply,household,1283,2516,2.521926051226844e-09
m755.ply,household,1642,3500,1.9337255375071805e-09
m1592.ply,household,1970,3500,2.2504979834848326e-09
m1593.ply,household,1972,3500,4.177740765884757e-09
m754.ply,household,1421,3499,2.5250975262838115e-09
m1791.ply,household,1866,3500,5.28915466277958e-09
m556.ply,household,1324,2624,4.357867111994181e-09
m542.ply,household,1162,2288,2.434815858437751e-09
m1746.ply,household,1752,3500,7.297208719341244e-10
m1752.ply,household,1980,3499,2.660976902689839e-09
m595.ply,household,1770,3500,7.793394722225491e-10
m581.ply,household,1324,3500,1.875861810998233e-08
m1801.ply,household,1146,2046,5.3503614515617585e-09
m1632.ply,household,1264,2574,4.1014873081037806e-09
m1626.ply,household,1593,3040,3.830958252017381e-09
m608.ply,household,1817,3499,3.696061997782149e-09
m634.ply,household,1370,2253,9.4056056038021e-10
m636.ply,household,1911,3499,8.19250627313915e-09
m1618.ply,household,1961,3500,1.4742821052207401e-09
m1630.ply,household,1752,3500,2.133271965433893e-09
m1778.ply,household,2013,3499,3.9396430623868175e-09
m597.ply,household,1300,2640,5.052667575966786e-09
m583.ply,household,1692,3360,1.16126385274424e-08
m1744.ply,household,1752,3500,1.7406075978701188e-09
m1750.ply,household,1773,3498,1.7706377778214678e-08
m554.ply,household,1796,3500,8.256602380093208e-09
m540.ply,household,1210,2416,4.275187692616181e-09
m568.ply,household,1770,3500,5.790541377945801e-09
m1793.ply,household,1770,3500,2.582469230028381e-08
m756.ply,household,1170,2400,3.2261035584974082e-09
m1591.ply,household,1847,3500,4.290735048980632e-09
m1590.ply,household,1735,3497,1.6909833611734053e-09
m757.ply,household,1822,3500,1.7231153264943972e-09
m1792.ply,household,1058,2112,2.6135836663900254e-09
m569.ply,household,1821,3500,4.634533611118617e-09
m541.ply,household,900,3500,4.122020812168665e-10
m555.ply,household,1853,3500,4.841844916641242e-09
m1751.ply,household,1891,3500,2.41390050905915e-09
m1745.ply,household,1368,2736,1.036458636188354e-09
m582.ply,household,857,3498,1.3330877974963658e-08
m596.ply,household,1766,3500,5.836650917751263e-09
m1802.ply,household,1831,3500,4.6404024052442024e-09
m1631.ply,household,2057,3414,2.2163452951800213e-09
m1619.ply,household,1766,3500,5.171698861382615e-09
m637.ply,household,1908,3500,6.7479952149426286e-09
m627.ply,household,1963,3500,2.5042679100764808e-09
m633.ply,household,1012,3500,4.3792733199229024e-09
m1635.ply,household,1752,3500,1.8324052144686843e-09
m1609.ply,household,1752,3500,4.09672329365326e-09
m1741.ply,household,1773,3500,8.327682292124887e-10
m592.ply,household,1808,3499,1.270553631124012e-09
m1769.ply,household,1758,3500,1.591867771066162e-09
m586.ply,household,1760,3500,1.2992781373648592e-08
m1796.ply,household,1809,3500,3.6705162675696845e-08
m551.ply,household,2308,3500,3.498390218247968e-09
m545.ply,household,1602,3200,2.236074181691122e-09
m1594.ply,household,2090,3500,1.2061884895910813e-08
m753.ply,household,1068,2105,3.812595631562345e-09
m752.ply,household,1488,3120,9.615823392930825e-10
m1595.ply,household,1948,3499,8.773964751923543e-09
m544.ply,household,1002,2000,1.4455757218662088e-09
m550.ply,household,1767,3500,5.248680244643525e-09
m1797.ply,household,1684,3499,7.206416660159837e-09
m1768.ply,household,2444,3499,2.188850880357536e-09
m587.ply,household,1780,3499,9.482153387224801e-10
m593.ply,household,1760,3500,3.792316678899035e-09
m1740.ply,household,1763,3265,1.5185561239864705e-09
m1807.ply,household,1764,3500,2.4662235493508354e-09
m1608.ply,household,1752,3500,4.5052818450842e-09
m1634.ply,household,1782,3499,5.284337277815728e-10
m632.ply,household,1033,1934,2.7313022341790365e-09
m626.ply,household,1918,3500,5.732316715859791e-09
m630.ply,household,1907,3500,2.231597552946925e-09
m1636.ply,household,1698,3392,4.439940274084928e-09
m1742.ply,household,2216,3499,2.1014028497611506e-09
m585.ply,household,1714,3416,9.604262663247623e-09
m591.ply,household,1753,3499,4.697987641234852e-09
m1795.ply,household,1765,3499,7.725879585796049e-09
m546.ply,household,1002,2000,5.301380078833562e-10
m552.ply,household,1303,2544,3.1056331633692226e-09
m1597.ply,household,1677,3500,4.519104258424517e-09
m750.ply,household,1727,3500,7.401747812994859e-09
m751.ply,household,1442,2817,1.6676035237806394e-09
m1596.ply,household,1950,3499,4.465205253013742e-09
m553.ply,household,1499,3040,5.251945600013567e-09
m547.ply,household,1802,3500,1.64919743848634e-09
m1794.ply,household,1110,2176,1.4045943474239922e-08
m590.ply,household,1998,3499,6.254297013638993e-10
m584.ply,household,1800,3500,1.0976879925974827e-08
m1743.ply,household,1094,2092,2.565961871336972e-09
m1810.ply,household,1995,3500,1.8993697063781185e-09
m1637.ply,household,1002,2000,1.6075359369581756e-09
m625.ply,household,1894,3499,1.7189259976192747e-09
m631.ply,household,2067,3500,7.885439917187665e-10
m614.ply,household,1362,2736,7.861251062690125e-09
m600.ply,household,1806,3500,3.222331123503561e-09
m628.ply,household,1960,3500,6.095610474316295e-09
m1606.ply,household,1760,3499,3.9925997725323755e-09
m1612.ply,household,1282,2600,7.745960217163651e-09
m1809.ply,household,1767,3500,5.211230039382273e-09
m1772.ply,household,1980,3499,1.0523457778452082e-09
m589.ply,household,2053,3500,1.2511998115336735e-09
m1766.ply,household,1422,2752,4.519615823587141e-09
m562.ply,household,1134,2224,2.6647435537452678e-09
m1799.ply,household,1548,3072,5.057230430290673e-09
m760.ply,household,1137,2176,2.0366870377170067e-09
m761.ply,household,1604,3360,3.213417288716798e-09
m1798.ply,household,1799,3378,1.4564671625808174e-08
m563.ply,household,1876,3499,9.10549624594195e-09
m588.ply,household,1815,3499,4.619939515640787e-09
m1767.ply,household,1781,3500,3.7028655020064567e-09
m1773.ply,household,2088,3499,2.0850746654212907e-09
m1808.ply,household,1765,3499,2.3662030271868903e-09
m1613.ply,household,1122,2240,1.720073599739819e-09
m1607.ply,household,1752,3500,1.7583039823423062e-09
m629.ply,household,1930,3500,8.661291239646955e-10
m601.ply,household,1948,3499,3.934903120522439e-09
m615.ply,household,1768,3500,1.1848637370333148e-09
m603.ply,household,1689,3500,6.913911252041269e-09
m1639.ply,household,1779,3500,8.384141020552965e-10
m1611.ply,household,1474,2944,1.1776641331465403e-08
m1605.ply,household,1361,2688,4.222403114180058e-09
m1765.ply,household,1015,1920,2.662267756359152e-09
m1771.ply,household,1788,3500,1.2217603953796585e-09
m561.ply,household,1772,3500,1.957149694309071e-09
m549.ply,household,1817,3500,2.068471177620275e-09
m1598.ply,household,1182,2360,1.4436147513871946e-08
m1599.ply,household,1752,3500,3.848954258792207e-09
m548.ply,household,1732,3500,1.286908826652501e-09
m560.ply,household,1937,3500,1.5556781622887217e-09
m1770.ply,household,1865,3500,3.4530138518078647e-09
m1764.ply,household,1959,3499,7.079880986154284e-09
m1604.ply,household,1754,3499,4.349368827405934e-09
m1610.ply,household,1755,3500,1.8469389211967146e-09
m1638.ply,household,1752,3500,1.2976201299127249e-09
m616.ply,household,1806,3500,1.6087223708135733e-09
m602.ply,household,1758,3500,4.091160264477936e-09
m606.ply,household,1200,2320,1.3035831827042963e-09
m612.ply,household,1394,3500,7.162575155834511e-09
m1614.ply,household,1554,3104,3.1550807174135966e-09
m1600.ply,household,1658,3312,1.5584292263684913e-09
m1628.ply,household,2080,3499,8.290520197323866e-10
m1760.ply,household,1755,3500,1.5008122859330875e-09
m1774.ply,household,1070,3016,4.6954331271833775e-09
m1748.ply,household,1755,3500,3.1863464548337134e-09
m558.ply,household,1316,2560,3.0211996718012597e-09
m570.ply,household,1312,3492,7.095024849882598e-09
m564.ply,household,2063,3500,4.399123367935974e-09
m1589.ply,household,1800,3500,1.1961587180312315e-08
m565.ply,household,1813,3500,4.977178796735536e-09
m571.ply,household,1554,3072,1.9115087638409524e-09
m559.ply,household,1502,2996,1.7426204927974502e-09
m1749.ply,household,1175,3498,2.2356894650348485e-09
m1775.ply,household,1536,3040,1.0445615607383733e-09
m1761.ply,household,1493,2976,4.763518134675607e-09
m1629.ply,household,1870,3499,2.1933321474741115e-09
m1601.ply,household,1752,3500,1.4368729303475526e-09
m1615.ply,household,1816,3499,8.087990100019861e-10
m613.ply,household,1696,3200,1.7428316225535387e-08
m607.ply,household,1795,3499,8.440016086665303e-09
m639.ply,household,2055,3500,1.3692910709694775e-09
m611.ply,household,1200,3200,7.666759850189982e-09
m605.ply,household,1541,3500,8.965330621294354e-10
m1603.ply,household,1548,3088,1.8970175496057667e-09
m1617.ply,household,1768,3500,9.725804730601625e-10
m598.ply,household,1983,3500,9.801568628496328e-09
m1777.ply,household,1256,2472,5.497377129718507e-09
m1763.ply,household,1807,3500,5.652391913735291e-09
m567.ply,household,1786,2040,4.694999150175205e-09
m759.ply,household,1752,3500,1.816457511411122e-09
m758.ply,household,889,3498,4.416917050247865e-09
m572.ply,household,1834,3499,1.6162044955832245e-09
m566.ply,household,1261,2432,2.5137640943468395e-09
m1789.ply,household,1614,3216,2.87002966581253e-09
m1762.ply,household,1128,1707,1.3183893451438115e-09
m599.ply,household,1898,3500,1.2546303156154686e-09
m1776.ply,household,1760,3499,5.160239924259781e-09
m1616.ply,household,1796,3499,2.2429238298578013e-09
m1602.ply,household,1542,3080,2.71462102157715e-09
m604.ply,household,1316,2333,4.272284095509002e-08
m610.ply,household,1766,3500,2.1547851943256935e-09
m638.ply,household,1841,3500,1.8609230194698893e-09
m688.ply,household,1754,3500,4.2510656844004065e-09
m677.ply,household,1771,3500,3.2168703047753773e-09
m663.ply,household,1798,3500,1.3193799540029535e-09
m1103.ply,household,1763,3499,2.820688075037493e-09
m1117.ply,household,1720,3424,2.5426073254362316e-09
m1739.ply,household,1943,3500,3.835267289785788e-09
m1711.ply,household,1688,3500,5.45102542460967e-09
m1705.ply,household,1762,3500,9.665793998112396e-09
m501.ply,household,1072,2000,2.9081707852805685e-09
m529.ply,household,1737,3121,6.719841117385798e-10
m703.ply,household,1836,3499,6.550289435901567e-10
m717.ply,household,1882,3499,1.049814483157357e-09
m716.ply,household,1740,3500,6.699393428959674e-09
m702.ply,household,1005,2000,9.498725033022278e-10
m528.ply,household,1761,3499,8.701236727420558e-10
m500.ply,household,1106,2208,2.856452051679177e-09
m1704.ply,household,1890,3499,7.966983550660467e-09
m1710.ply,household,1777,3500,9.807297250333355e-09
m1738.ply,household,1666,3328,1.3553278273547752e-09
m1116.ply,household,1155,2234,4.0449274505511025e-09
m1102.ply,household,1130,3328,8.083669459498428e-10
m662.ply,household,1715,3312,4.448255961993629e-09
m676.ply,household,1800,3500,9.755168136109395e-10
m689.ply,household,1725,3500,3.3809657706867065e-09
m660.ply,household,1085,3260,1.9517847043790858e-09
m674.ply,household,1806,3499,1.6642459682762176e-09
m648.ply,household,1238,2428,5.295356239559877e-09
m1114.ply,household,1295,2356,5.445758021961439e-09
m1666.ply,household,1743,3500,1.3350190337989446e-08
m1100.ply,household,1756,3500,1.4585861590483972e-08
m489.ply,household,1801,3499,1.7415277342567154e-09
m1699.ply,household,1991,3499,1.5089639747746793e-09
m1706.ply,household,1039,1856,2.130562500495015e-09
m1712.ply,household,1724,3468,3.784197550883913e-09
m502.ply,household,1752,3500,1.4962378886584e-09
m714.ply,household,1758,3500,1.8762827050402986e-09
m700.ply,household,1822,3500,1.8492011465490533e-09
m728.ply,household,1742,3272,2.5167842057908464e-09
m729.ply,household,1776,3500,7.093592220515936e-10
m701.ply,household,1762,3499,7.478155339772579e-10
m715.ply,household,1709,3499,3.301814326906133e-09
m503.ply,household,1801,3500,2.4944524974223954e-09
m1713.ply,household,2067,3499,7.608988325939133e-09
m1707.ply,household,1766,3499,5.892624181056322e-09
m1698.ply,household,1384,2632,3.270374236049786e-09
m1667.ply,household,1714,3500,1.1267361256595522e-08
m488.ply,household,1752,3500,1.3935056881234908e-09
m1101.ply,household,1754,3500,3.70802593032803e-10
m1115.ply,household,1284,2314,3.3596333231122e-09
m649.ply,household,1094,1945,5.196479087530834e-09
m675.ply,household,1512,2560,7.893000169805819e-10
m661.ply,household,1390,2672,2.205857569219113e-09
m659.ply,household,1181,2291,1.133047464697474e-09
m665.ply,household,1847,3500,1.7362058243501711e-09
m671.ply,household,1190,2302,1.0345929039049461e-09
m1111.ply,household,1754,3500,4.48232309785964e-09
m498.ply,household,1480,2880,5.766951090740287e-09
m1105.ply,household,1550,3092,3.210001172666557e-09
m1703.ply,household,1786,3500,2.1851835633796294e-09
m1717.ply,household,1835,3500,7.125944877054105e-09
m513.ply,household,1763,3500,2.0150119181153165e-09
m507.ply,household,1791,3488,2.2963036603056103e-09
m711.ply,household,1959,3500,1.1111461554424827e-09
m705.ply,household,1776,3500,9.604618872685168e-10
m704.ply,household,1626,3248,1.0992297989720955e-08
m710.ply,household,1804,3500,2.355589464526351e-09
m506.ply,household,1758,3500,1.021293507913857e-09
m512.ply,household,1501,3008,1.774438602363601e-09
m1716.ply,household,1974,3500,3.344475324386959e-09
m1702.ply,household,1928,3499,4.63320411689419e-09
m1104.ply,household,1424,2832,4.97416206790584e-09
m499.ply,household,1274,2544,4.5471108617895835e-09
m1110.ply,household,1756,3500,4.571633945194171e-09
m670.ply,household,1766,3500,9.38758477337016e-10
m664.ply,household,1766,3500,1.008134516524028e-09
m658.ply,household,1136,2240,1.4063590217071505e-09
m699.ply,household,1754,3499,1.2865036326901532e-09
m672.ply,household,1764,3500,1.6340897327349734e-09
m666.ply,household,1702,3500,3.40332749708646e-09
m1106.ply,household,1637,3500,5.178407445080374e-10
m1112.ply,household,1240,2484,1.4776954667263916e-09
m1714.ply,household,1727,3500,4.2994100027126984e-09
m1700.ply,household,1740,3318,4.470674833695196e-09
m1728.ply,household,1872,3499,1.2043220697791846e-08
m538.ply,household,1219,2552,6.856492402858005e-10
m504.ply,household,1725,3450,1.0477768131985632e-09
m1099.ply,household,1202,2400,7.625332953662814e-09
m510.ply,household,1777,3500,3.6865902102211464e-09
m706.ply,household,1444,3498,1.0239329521247608e-09
m712.ply,household,1881,3499,6.050675586537923e-09
m713.ply,household,1023,2000,2.2069129871829314e-09
m707.ply,household,1759,3500,2.8591082388284696e-09
m511.ply,household,1235,3160,1.4047191272044423e-09
m505.ply,household,1757,3500,1.7001362527093752e-09
m539.ply,household,1764,3500,9.350877411140925e-10
m1729.ply,household,1182,2256,4.338850831767339e-09
m1701.ply,household,1491,2944,1.4710299879104899e-09
m1715.ply,household,1769,3500,8.592975967861451e-10
m1113.ply,household,1754,3500,4.986614346660678e-09
m1107.ply,household,1116,2199,5.988414838888469e-09
m667.ply,household,1794,3499,5.144837366299248e-09
m673.ply,household,1718,3499,1.5420153272037773e-09
m698.ply,household,1809,3499,1.7105792382040668e-09
m454.ply,building,2024,3456,3.0452090156866756e-09
m440.ply,building,1708,3500,1.2104084591890637e-09
m468.ply,building,1587,3500,3.989714554044075e-09
m469.ply,building,1702,3346,2.8788224452035996e-09
m441.ply,building,2086,2283,1.1157105333583055e-09
m455.ply,building,1889,3499,5.660913257929492e-09
m480.ply,building,1897,3499,4.417729323612035e-09
m443.ply,building,1959,3500,3.564454452892543e-09
m457.ply,building,1959,3500,3.564454452892543e-09
m456.ply,building,1899,2812,7.251096380480675e-10
m442.ply,building,2701,3499,1.4125048980892851e-09
m481.ply,building,1682,3040,7.051960395374999e-09
m446.ply,building,2411,3497,5.448010118524508e-09
m452.ply,building,1747,3500,6.007871389684429e-10
m453.ply,building,1559,3499,1.7118675246012177e-09
m447.ply,building,1440,2370,8.617091706221744e-10
m479.ply,building,1945,3500,3.2409448963341346e-09
m451.ply,building,1787,3499,3.1894928397307136e-09
m445.ply,building,1988,3500,1.4589318296514763e-09
m444.ply,building,1870,3500,3.645300272291586e-09
m450.ply,building,1502,3497,3.072251378309943e-09
m478.ply,building,1750,2980,4.430618800172945e-09
m392.ply,building,1480,3500,1.0470424076121501e-08
m386.ply,building,1776,3500,3.730864817979781e-09
m437.ply,building,1749,3498,2.5096192949505314e-09
m423.ply,building,1610,3072,1.580589653017702e-09
m422.ply,building,1044,2096,6.952326494534357e-09
m436.ply,building,2058,3500,2.341745163363946e-09
m387.ply,building,1749,3500,2.3102306282776415e-09
m393.ply,building,1956,3499,5.737306671077638e-09
m385.ply,building,2146,3499,2.7987536905963015e-09
m391.ply,building,2069,3500,4.468682012144897e-09
m420.ply,building,2249,3500,3.570639075109784e-09
m434.ply,building,1841,3499,3.8794949659328404e-09
m408.ply,building,1252,2405,1.3645970596220063e-09
m409.ply,building,1509,2027,4.210851932316446e-09
m435.ply,building,1348,3500,1.854723915561596e-09
m421.ply,building,2136,3500,8.419311723102676e-10
m390.ply,building,1608,2880,1.0306719784379789e-09
m384.ply,building,2124,3499,2.9020088430803703e-09
m394.ply,building,1873,3499,5.804912540357667e-09
m419.ply,building,1582,3136,2.2615071710194376e-09
m425.ply,building,2957,3500,3.287289869831066e-09
m431.ply,building,2227,3500,2.498979156744267e-09
m430.ply,building,1686,2832,3.4888530433589153e-09
m424.ply,building,1739,3500,7.03841477608505e-09
m418.ply,building,1576,2836,3.513315616401907e-09
m395.ply,building,1948,2784,2.4529396106539588e-09
m397.ply,building,1362,2680,3.6927749921845587e-09
m383.ply,building,1825,3499,4.2537653078967765e-09
m432.ply,building,1953,3499,1.7883357736466365e-09
m426.ply,building,2108,3499,4.961240664980265e-09
m427.ply,building,1666,3500,5.153555332928459e-09
m433.ply,building,2012,3500,2.2646112928792493e-09
m382.ply,building,1840,3499,4.693345469893904e-09
m396.ply,building,1355,1880,6.330767195038128e-09
m416.ply,building,1949,3500,2.8115696766104743e-09
m402.ply,building,1859,3500,1.0751198426522231e-09
m403.ply,building,1664,3500,4.544448461202051e-09
m417.ply,building,1811,3500,4.595182286903136e-09
m398.ply,building,1760,3500,2.966366081879699e-09
m401.ply,building,1908,3500,1.4476163360610658e-09
m415.ply,building,1734,3500,2.9461852873265064e-09
m429.ply,building,1828,3499,3.802394598356367e-09
m428.ply,building,2187,3500,1.6332398816403551e-09
m414.ply,building,1056,1944,5.3916232415548146e-09
m400.ply,building,1740,3360,1.8093477770533136e-09
m399.ply,building,2140,3500,4.581656691603979e-09
m389.ply,building,1916,3500,2.8081496788174575e-09
m438.ply,building,1721,3500,4.474217727689835e-09
m404.ply,building,1051,2752,1.9644267242325594e-09
m410.ply,building,1217,2076,2.8223698225441694e-09
m411.ply,building,1775,3500,1.5247186805650156e-09
m405.ply,building,1827,3499,3.4961772860353584e-09
m439.ply,building,1154,2128,5.797457978552118e-09
m388.ply,building,1666,3492,4.841807401639073e-09
m413.ply,building,1830,3500,2.921677351607377e-09
m407.ply,building,1795,3500,8.388857902953544e-09
m406.ply,building,2119,3499,2.1983604636866404e-09
m412.ply,building,1990,2820,1.6694432020567128e-09
m475.ply,building,1492,2848,2.063517576606406e-09
m461.ply,building,1776,3500,7.566869014052327e-09
m449.ply,building,1906,3500,4.102441588694018e-09
m448.ply,building,1754,3500,1.3144226647951126e-09
m460.ply,building,1660,3500,6.446060632684394e-09
m474.ply,building,1361,2670,1.4434931769099449e-09
m462.ply,building,1904,3500,1.545263700000039e-09
m476.ply,building,1843,3499,4.164362078665553e-09
m477.ply,building,1047,1708,2.83458846161528e-09
m463.ply,building,1931,3499,7.716057034976709e-10
m467.ply,building,1858,3500,2.4299742996717513e-09
m473.ply,building,1734,3456,9.92451847148751e-09
m472.ply,building,1414,2816,2.784876389901555e-09
m466.ply,building,1965,3499,5.497430657952457e-09
m458.ply,building,1834,3500,1.218248987636977e-09
m470.ply,building,1912,3499,8.384241795631826e-09
m464.ply,building,2342,3500,2.5913642648614443e-09
m465.ply,building,1891,3500,2.153772687981867e-09
m471.ply,building,1719,3499,3.160647362887538e-09
m459.ply,building,1754,3500,4.725170438348029e-09
